cA,cB,theta,thetaK,F,QK,cA0,theta0
5.1,0,104.9,104.9,18.6559291099192,-1113.5,5.1,104.9
4.40560021600295,0.373550463656147,108.370978691556,105.393910380903,18.6559291099192,-1113.5,5.1,104.9
3.84973721048501,0.662949201311037,110.453183636639,107.111791909817,18.6559291099192,-1113.5,5.1,104.9
3.43267231441823,0.864297048327493,111.773296650034,108.768557542297,18.6559291099192,-1113.5,5.1,104.9
3.13039199368902,0.993193726950942,112.641686508672,110.070120181728,18.6559291099192,-1113.5,5.1,104.9
2.91545773346246,1.06937962358118,113.225387733712,111.020428546843,18.6559291099192,-1113.5,5.1,104.9
2.76434436118562,1.11014418817189,113.620732114242,111.692310746135,18.6559291099192,-1113.5,5.1,104.9
2.65889547158679,1.12855369279426,113.887239169195,112.158955760397,18.6559291099192,-1113.5,5.1,104.9
2.5857569038804,1.13369607560052,114.063948569134,112.478317251957,18.6559291099192,-1113.5,5.1,104.9
2.53534039888442,1.13153847438166,114.177596520391,112.693035433443,18.6559291099192,-1113.5,5.1,104.9
2.50084615843609,1.12581492467125,114.246993443012,112.833753491585,18.6559291099192,-1113.5,5.1,104.9
2.47748263064774,1.11875091279747,114.28555619082,112.922374183892,18.6559291099192,-1113.5,5.1,104.9
2.46188258194285,1.11159659208132,114.302915610676,112.974566035428,18.6559291099192,-1113.5,5.1,104.9
2.45168203325371,1.10499480459446,114.305986779162,113.001555211554,18.6559291099192,-1113.5,5.1,104.9
2.44522136904244,1.09922478219596,114.299717478737,113.01138727693,18.6559291099192,-1113.5,5.1,104.9
2.44133519168343,1.09435809670119,114.287624990221,113.009816477905,18.6559291099192,-1113.5,5.1,104.9
2.43920509064351,1.09035562557083,114.272185025729,113.000939688991,18.6559291099192,-1113.5,5.1,104.9
2.43825684278964,1.08712571898248,114.255115830471,112.987651259825,18.6559291099192,-1113.5,5.1,104.9
2.43808820975,1.08455799826243,114.237587367379,112.971973858289,18.6559291099192,-1113.5,5.1,104.9
2.43841844227226,1.08254180783496,114.220374273718,112.955298675302,18.6559291099192,-1113.5,5.1,104.9
2.43905272628336,1.08097553955103,114.20396807052,112.938560940662,18.6559291099192,-1113.5,5.1,104.9
2.43985702839026,1.07977051797883,114.188659971132,112.922369026711,18.6559291099192,-1113.5,5.1,104.9
2.44074026384059,1.07885190426195,114.174601258151,112.907098900564,18.6559291099192,-1113.5,5.1,104.9
2.44164179564154,1.0781579660387,114.161846683498,112.892962307435,18.6559291099192,-1113.5,5.1,104.9
2.44252235845328,1.07763870407576,114.150386456445,112.880057270792,18.6559291099192,-1113.5,5.1,104.9
2.44335763897054,1.07725414869249,114.140169222076,112.868404673978,18.6559291099192,-1113.5,5.1,104.9
2.4441336968646,1.07697265756886,114.131118451072,112.857974704341,18.6559291099192,-1113.5,5.1,104.9
2.44484374028358,1.07676942596251,114.123143666615,112.848705305678,18.6559291099192,-1113.5,5.1,104.9
2.44548578630004,1.07662516454525,114.116148431602,112.840515598835,18.6559291099192,-1113.5,5.1,104.9
2.44606098194934,1.07652499514646,114.110035809369,112.83331529219,18.6559291099192,-1113.5,5.1,104.9
2.44657245773107,1.07645750075235,114.104711882688,112.827011097903,18.6559291099192,-1113.5,5.1,104.9
2.44702449138388,1.07641395257559,114.1000880458,112.821511163591,18.6559291099192,-1113.5,5.1,104.9
2.44742195908896,1.07638773125969,114.096082164845,112.816727632951,18.6559291099192,-1113.5,5.1,104.9
2.44776995940606,1.07637386551043,114.092619117461,112.812578205375,18.6559291099192,-1113.5,5.1,104.9
2.44807355543358,1.07636864601451,114.089630966083,112.808987085293,18.6559291099192,-1113.5,5.1,104.9
2.44833758967183,1.07636932858154,114.087056869849,112.805885416845,18.6559291099192,-1113.5,5.1,104.9
2.44856660397675,1.07637389515371,114.084842723427,112.803211244429,18.6559291099192,-1113.5,5.1,104.9
2.44876477953675,1.07638087638203,114.082940688368,112.800909279339,18.6559291099192,-1113.5,5.1,104.9
2.44893592548867,1.07638921191868,114.081308669441,112.798930490754,18.6559291099192,-1113.5,5.1,104.9
2.44908346213918,1.07639815972723,114.079909802589,112.797231624967,18.6559291099192,-1113.5,5.1,104.9
2.449210439548,1.07640720415249,114.07871191177,112.795774707681,18.6559291099192,-1113.5,5.1,104.9
2.44931957085923,1.07641600749149,114.077686979343,112.794526498814,18.6559291099192,-1113.5,5.1,104.9
2.4494132507885,1.07642435789863,114.076810662404,112.793458037235,18.6559291099192,-1113.5,5.1,104.9
2.44949358016937,1.07643212872829,114.076061913708,112.792544157544,18.6559291099192,-1113.5,5.1,104.9
2.44956239684217,1.07643925386162,114.075422543624,112.791763047939,18.6559291099192,-1113.5,5.1,104.9
2.44962129998542,1.07644571515964,114.074876895659,112.791095867134,18.6559291099192,-1113.5,5.1,104.9
2.4496716775301,1.07645151408425,114.074411450068,112.790526306967,18.6559291099192,-1113.5,5.1,104.9
2.44971473142599,1.07645668513075,114.074014629837,112.790040372946,18.6559291099192,-1113.5,5.1,104.9
2.44975150189789,1.07646126172593,114.073676418058,112.789625946864,18.6559291099192,-1113.5,5.1,104.9
2.44978288876858,1.07646529340562,114.073388259699,112.789272657414,18.6559291099192,-1113.5,5.1,104.9
2.44980966475711,1.07646883048463,114.07314284226,112.788971618066,18.6559291099192,-1113.5,5.1,104.9
2.44983250096557,1.0764719209209,114.072933848068,112.78871514546,18.6559291099192,-1113.5,5.1,104.9
2.44985196702603,1.0764746141805,114.072755947342,112.788496738303,18.6559291099192,-1113.5,5.1,104.9
2.44986855611291,1.07647695416978,114.072604538436,112.788310780257,18.6559291099192,-1113.5,5.1,104.9
2.44988268810366,1.07647898213855,114.072475706494,112.788152493229,18.6559291099192,-1113.5,5.1,104.9
2.44989472408278,1.07648073574442,114.072366087229,112.788017771103,18.6559291099192,-1113.5,5.1,104.9
2.4006383983474,1.09541516475628,114.230080710042,112.815946491269,14.19,-1113.5,5.1,104.9
2.31193965644282,1.12296358009368,114.460913731259,112.973906673213,14.19,-1113.5,5.1,104.9
2.24820882498847,1.13554673001567,114.592148297065,113.138186386907,14.19,-1113.5,5.1,104.9
2.20306695281424,1.1388661400035,114.666420362075,113.263138585943,14.19,-1113.5,5.1,104.9
2.17147635218885,1.13687321858847,114.70415885865,113.345915958155,14.19,-1113.5,5.1,104.9
2.14967875462428,1.13214560841041,114.717086357858,113.393925934968,14.19,-1113.5,5.1,104.9
2.13492804725332,1.12628832377219,114.712884819842,113.415622516579,14.19,-1113.5,5.1,104.9
2.12523197389759,1.12025268444646,114.696982642066,113.418209741392,14.19,-1113.5,5.1,104.9
2.11914780158047,1.11456523769488,114.673339846046,113.407353200389,14.19,-1113.5,5.1,104.9
2.11563029525572,1.10948521141221,114.644876078624,113.387368503476,14.19,-1113.5,5.1,104.9
2.11392143966784,1.10510928042549,114.61373843141,113.361495741293,14.19,-1113.5,5.1,104.9
2.11347113590725,1.10143969692789,114.58149082274,113.332140319193,14.19,-1113.5,5.1,104.9
2.11388011034216,1.09842775753091,114.549254535758,113.301067486065,14.19,-1113.5,5.1,104.9
2.11485895607323,1.09600063065568,114.517814854196,113.269553428787,14.19,-1113.5,5.1,104.9
2.11619854424232,1.09407747463677,114.487703091577,113.238502128275,14.19,-1113.5,5.1,104.9
2.11774849948162,1.09257873022417,114.45925994975,113.208535757768,14.19,-1113.5,5.1,104.9
2.11940155605917,1.09143100631987,114.432684283626,113.180064451548,14.19,-1113.5,5.1,104.9
2.1210822304452,1.09056922474246,114.408070386049,113.153339522813,14.19,-1113.5,5.1,104.9
2.12273835462549,1.08993731230656,114.385436956964,113.128494973593,14.19,-1113.5,5.1,104.9
2.12433485430571,1.08948794053679,114.364749165014,113.105579394351,14.19,-1113.5,5.1,104.9
2.12584916850486,1.08918178306707,114.345935393658,113.084580210585,14.19,-1113.5,5.1,104.9
2.12726788016015,1.08898657205313,114.32889973212,113.065442049664,14.19,-1113.5,5.1,104.9
2.1285841847346,1.08887612536205,114.313531473067,113.048080634864,14.19,-1113.5,5.1,104.9
2.12979596348019,1.088829421895,114.299712232605,113.032393532419,14.19,-1113.5,5.1,104.9
2.13090438263493,1.08882973620887,114.287321037243,113.018268034356,14.19,-1113.5,5.1,104.9
2.1319128295019,1.0888638695685,114.276238120126,113.005586978581,14.19,-1113.5,5.1,104.9
2.13282617657519,1.08892151238807,114.266347291178,112.99423276646,14.19,-1113.5,5.1,104.9
2.13365021304988,1.08899469926225,114.257537658162,112.984090246787,14.19,-1113.5,5.1,104.9
2.13439120786009,1.0890773429761,114.24970481352,112.975048823102,14.19,-1113.5,5.1,104.9
2.13505560031746,1.08916484983355,114.242751470964,112.967003848131,14.19,-1113.5,5.1,104.9
2.1356498054996,1.0892538193862,114.236587635106,112.959857323314,14.19,-1113.5,5.1,104.9
2.13618004471628,1.08934177165741,114.231130703276,112.953518409519,14.19,-1113.5,5.1,104.9
2.13665225647584,1.08942694776638,114.22630527617,112.947903436969,14.19,-1113.5,5.1,104.9
2.13707204547762,1.08950815919747,114.222042794406,112.942935797089,14.19,-1113.5,5.1,104.9
2.13744464194406,1.08958465212174,114.218281200967,112.938545708597,14.19,-1113.5,5.1,104.9
2.13777488365674,1.08965599976126,114.214964541968,112.934669899468,14.19,-1113.5,5.1,104.9
2.13806721037523,1.08972201462758,114.212042538342,112.931251244101,14.19,-1113.5,5.1,104.9
2.13832567214652,1.08978268323438,114.20947013903,112.928238349019,14.19,-1113.5,5.1,104.9
2.13855395090184,1.08983812430576,114.207207053732,112.925585096077,14.19,-1113.5,5.1,104.9
2.13875537779938,1.08988854374474,114.205217323453,112.923250203853,14.19,-1113.5,5.1,104.9
2.13893295524979,1.08993420692544,114.203468942346,112.921196806843,14.19,-1113.5,5.1,104.9
2.13908937872142,1.08997540434634,114.201933430822,112.919392035398,14.19,-1113.5,5.1,104.9
2.1392270689099,1.09001245642549,114.20058552234,112.917806641208,14.19,-1113.5,5.1,104.9
2.13934818859565,1.0900456892112,114.199402831654,112.916414662762,14.19,-1113.5,5.1,104.9
2.1394546677334,1.09007542199597,114.198365522287,112.915193054335,14.19,-1113.5,5.1,104.9
2.13954822336326,1.09010196629135,114.197456072997,112.914121423968,14.19,-1113.5,5.1,104.9
2.13963038057318,1.09012561819626,114.196659016203,112.913181740363,14.19,-1113.5,5.1,104.9
2.13970249300693,1.09014665411048,114.1959606855,112.912358054316,14.19,-1113.5,5.1,104.9
2.13976575990578,1.09016533369566,114.195349047778,112.911636301999,14.19,-1113.5,5.1,104.9
2.13982124022653,1.09018189964746,114.194813541766,112.911004121176,14.19,-1113.5,5.1,104.9
2.13986987832666,1.09019656820016,114.194344749781,112.910450489129,14.19,-1113.5,5.1,104.9
2.139912496356,1.090209545121,114.193934540078,112.909965871909,14.19,-1113.5,5.1,104.9
2.13994983651514,1.09022100873294,114.193575541472,112.909541637249,14.19,-1113.5,5.1,104.9
2.13998253469476,1.09023112868739,114.193261535587,112.909170458696,14.19,-1113.5,5.1,104.9
2.14001117001862,1.09024005161423,114.192986814151,112.908845627375,14.19,-1113.5,5.1,104.9
2.14003624355562,1.09024791046419,114.192746534305,112.90856139994,14.19,-1113.5,5.1,104.9
2.1406831963611,1.0900328216769,114.112270288694,112.31932470757,14.19,-2034.0880316216,5.1,104.9
2.14430261955635,1.08887742370074,113.929017457896,111.939936539922,14.19,-2034.0880316216,5.1,104.9
2.15108916972959,1.08696009797171,113.722959452451,111.664700371226,14.19,-2034.0880316216,5.1,104.9
2.16016000308538,1.08474653217471,113.520172537869,111.430010509254,14.19,-2034.0880316216,5.1,104.9
2.17060215666745,1.08258937643355,113.329013529236,111.217463446464,14.19,-2034.0880316216,5.1,104.9
2.18170044575905,1.08068941543901,113.152008411655,111.021955483666,14.19,-2034.0880316216,5.1,104.9
2.1929440222309,1.07913458457088,112.989644927063,110.842025513672,14.19,-2034.0880316216,5.1,104.9
2.20398520149321,1.07794224967525,112.841611468325,110.677053732857,14.19,-2034.0880316216,5.1,104.9
2.21459657157788,1.07709073884161,112.707254935871,110.526468154924,14.19,-2034.0880316216,5.1,104.9
2.22463728924274,1.07653921070878,112.585756360246,110.389592008103,14.19,-2034.0880316216,5.1,104.9
2.23402752895974,1.07624004052229,112.476223716659,110.265637787612,14.19,-2034.0880316216,5.1,104.9
2.24273007766526,1.07614569580557,112.377740681862,110.153748286064,14.19,-2034.0880316216,5.1,104.9
2.25073759641587,1.07621222046751,112.289397342255,110.053032461218,14.19,-2034.0880316216,5.1,104.9
2.25806261004675,1.07640106460877,112.210311993687,109.962597069899,14.19,-2034.0880316216,5.1,104.9
2.26473089690293,1.07667944061085,112.139643325412,109.881568725378,14.19,-2034.0880316216,5.1,104.9
2.27077676646973,1.07702015926884,112.076598261127,109.809108081052,14.19,-2034.0880316216,5.1,104.9
2.27623945780041,1.07740119326979,112.020436650461,109.744419918449,14.19,-2034.0880316216,5.1,104.9
2.28116052553931,1.07780503439789,111.970473283346,109.686759284495,14.19,-2034.0880316216,5.1,104.9
2.28558209922798,1.07821799734141,111.926077721287,109.635434071724,14.19,-2034.0880316216,5.1,104.9
2.28954583141676,1.07862964018185,111.886672793173,109.589805546321,14.19,-2034.0880316216,5.1,104.9
2.29309202003784,1.07903221203081,111.851732637895,109.549287779694,14.19,-2034.0880316216,5.1,104.9
2.29625894810463,1.07942010953995,111.820780045478,109.513345978421,14.19,-2034.0880316216,5.1,104.9
2.29908259421934,1.07978944879358,111.793383317623,109.481493970247,14.19,-2034.0880316216,5.1,104.9
2.30159649190938,1.0801377118142,111.769152991243,109.453291262316,14.19,-2034.0880316216,5.1,104.9
2.30383166243966,1.0804634700191,111.747738815835,109.428340183849,14.19,-2034.0880316216,5.1,104.9
2.30581661995893,1.08076610529595,111.728826263469,109.406282460227,14.19,-2034.0880316216,5.1,104.9
2.30757744504187,1.08104561924227,111.712133484795,109.386796108957,14.19,-2034.0880316216,5.1,104.9
2.30913788654181,1.08130247786693,111.697408436531,109.369592419043,14.19,-2034.0880316216,5.1,104.9
2.31051948528514,1.08153748827436,111.68442618457,109.354413073183,14.19,-2034.0880316216,5.1,104.9
2.31174170719466,1.08175168726347,111.672986267137,109.341027350473,14.19,-2034.0880316216,5.1,104.9
2.31282209327496,1.08194625501214,111.66291021781,109.32922946755,14.19,-2034.0880316216,5.1,104.9
2.31377641522412,1.08212246023032,111.654039399335,109.318836177685,14.19,-2034.0880316216,5.1,104.9
2.31461882280476,1.08228160043651,111.64623283596,109.309684387174,14.19,-2034.0880316216,5.1,104.9
2.31536197867871,1.0824249786091,111.63936552522,109.301629248814,14.19,-2034.0880316216,5.1,104.9
2.31601720229661,1.08255386474499,111.63332657349,109.294542095054,14.19,-2034.0880316216,5.1,104.9
2.31659459625391,1.08266949064144,111.628017806879,109.288308846079,14.19,-2034.0880316216,5.1,104.9
2.31710315691352,1.08277303549247,111.623352446764,109.282828551827,14.19,-2034.0880316216,5.1,104.9
2.31755088599563,1.08286560926585,111.619253746482,109.278011836544,14.19,-2034.0880316216,5.1,104.9
2.31794489489556,1.08294824886076,111.615653849064,109.273779609462,14.19,-2034.0880316216,5.1,104.9
2.31829148744911,1.08302191764101,111.612492905765,109.270062038866,14.19,-2034.0880316216,5.1,104.9
2.31859625275789,1.08308750539566,111.60971811336,109.266797462941,14.19,-2034.0880316216,5.1,104.9
2.3188641415766,1.08314582837174,111.607282889569,109.263931439144,14.19,-2034.0880316216,5.1,104.9
2.31909953472434,1.08319763578095,111.605146220246,109.261415988646,14.19,-2034.0880316216,5.1,104.9
2.31930631760512,1.08324360661026,111.603271805342,109.25920864039,14.19,-2034.0880316216,5.1,104.9
2.31948791330922,1.08328436094941,111.601627785675,109.257272117434,14.19,-2034.0880316216,5.1,104.9
2.31964736121288,1.08332045718905,111.600185942328,109.255573350193,14.19,-2034.0880316216,5.1,104.9
2.31978732122149,1.08335240342644,111.598921714206,109.2540834821,14.19,-2034.0880316216,5.1,104.9
2.31991015671788,1.08338065457603,111.597813291521,109.252776915816,14.19,-2034.0880316216,5.1,104.9
2.32001793344155,1.08340562112443,111.596841711727,109.251631371602,14.19,-2034.0880316216,5.1,104.9
2.32011248052969,1.0834276704595,111.595990185824,109.250627130313,14.19,-2034.0880316216,5.1,104.9
2.32019540273846,1.08344713172736,111.595244011382,109.249746955679,14.19,-2034.0880316216,5.1,104.9
2.32026811478052,1.08346429904393,111.594590249857,109.248975650685,14.19,-2034.0880316216,5.1,104.9
2.32033186327248,1.08347943519019,111.594017501434,109.248299829858,14.19,-2034.0880316216,5.1,104.9
2.32038774275467,1.08349277374051,111.593515790997,109.247707762719,14.19,-2034.0880316216,5.1,104.9
2.32043672062189,1.08350452292794,111.593076321154,109.247189073079,14.19,-2034.0880316216,5.1,104.9
2.32044094627323,1.08353018856844,111.606509450239,109.514480372743,14.19,-1113.5,5.1,104.9
2.31878569580531,1.08417019160938,111.747985460401,110.024683490477,14.19,-1113.5,5.1,104.9
2.31383245313067,1.08588341689238,111.946416448833,110.343760108798,14.19,-1113.5,5.1,104.9
2.30598933972611,1.08830795038136,112.152894708796,110.596761091464,14.19,-1113.5,5.1,104.9
2.29615585892513,1.09098097450336,112.351713543217,110.820641577811,14.19,-1113.5,5.1,104.9
2.28516835851065,1.09355578332964,112.537783190997,111.025892716719,14.19,-1113.5,5.1,104.9
2.27368028820027,1.09582156103192,112.709591747884,111.215328179409,14.19,-1113.5,5.1,104.9
2.26216580537138,1.09767486156136,112.866951855037,111.38974918288,14.19,-1113.5,5.1,104.9
2.250952297868,1.09908623254332,113.010239446931,111.54959051306,14.19,-1113.5,5.1,104.9
2.24025496538078,1.10007242730619,113.140103985728,111.695353220583,14.19,-1113.5,5.1,104.9
2.23020574737351,1.10067635910375,113.257339880464,111.827676024589,14.19,-1113.5,5.1,104.9
2.220876035916,1.10095338739652,113.362815371575,111.947314538406,14.19,-1113.5,5.1,104.9
2.21229406411412,1.10096235076453,113.457427785062,112.055100904239,14.19,-1113.5,5.1,104.9
2.2044581681982,1.10075993118586,113.542072587972,112.151906031217,14.19,-1113.5,5.1,104.9
2.19734645725564,1.10039761372744,113.61762317045,112.238608127695,14.19,-1113.5,5.1,104.9
2.19092392180232,1.09992025455669,113.684916379798,112.316071184813,14.19,-1113.5,5.1,104.9
2.18514767031576,1.09936562114161,113.744743221102,112.385128826981,14.19,-1113.5,5.1,104.9
2.1799707045694,1.09876459048965,113.79784340429,112.446572988196,14.19,-1113.5,5.1,104.9
2.17534456146507,1.09814174525167,113.844902492628,112.501147362808,14.19,-1113.5,5.1,104.9
2.17122108608632,1.09751614100221,113.886551355908,112.549543965956,14.19,-1113.5,5.1,104.9
2.16755367075953,1.09690211620541,113.923366996593,112.592401466204,14.19,-1113.5,5.1,104.9
2.16429804506571,1.09631007406071,113.955874390651,112.630305399198,14.19,-1113.5,5.1,104.9
2.16141274064868,1.09574719925704,113.984549007265,112.663789697127,14.19,-1113.5,5.1,104.9
2.15885936006872,1.09521811708948,114.009819752625,112.693338795017,14.19,-1113.5,5.1,104.9
2.15660263631992,1.09472545364303,114.032072278051,112.719390417071,14.19,-1113.5,5.1,104.9
2.15461038822399,1.0942702932909,114.051652334808,112.742338729112,14.19,-1113.5,5.1,104.9
2.15285340783003,1.09385256448777,114.068869098596,112.762537589205,14.19,-1113.5,5.1,104.9
2.1513053179035,1.09347135393233,114.083998377209,112.780303761757,14.19,-1113.5,5.1,104.9
2.14994239778819,1.09312515998299,114.097285693652,112.795920080825,14.19,-1113.5,5.1,104.9
2.1487433852398,1.09281208606748,114.108949196168,112.809638527983,14.19,-1113.5,5.1,104.9
2.1476892758071,1.09253000378412,114.119182427519,112.821683197831,14.19,-1113.5,5.1,104.9
2.14676312002429,1.09227666348263,114.128156857223,112.832253051081,14.19,-1113.5,5.1,104.9
2.14594983621983,1.09204978214255,114.136024166312,112.841524448133,14.19,-1113.5,5.1,104.9
2.1452360262188,1.09184711015221,114.142918418903,112.849653537841,14.19,-1113.5,5.1,104.9
2.1446098086978,1.09166646564057,114.148957929747,112.856778349418,14.19,-1113.5,5.1,104.9
2.14406066549083,1.09150577008992,114.154247016493,112.863020749405,14.19,-1113.5,5.1,104.9
2.14357929604421,1.09136307107192,114.158877590771,112.86848825122,14.19,-1113.5,5.1,104.9
2.14315748620585,1.09123655206312,114.16293056046,112.873275611431,14.19,-1113.5,5.1,104.9
2.14278799520647,1.0911245334665,114.166477013976,112.877466182642,14.19,-1113.5,5.1,104.9
2.14246442389316,1.09102548519472,114.169579640442,112.88113353154,14.19,-1113.5,5.1,104.9
2.14218115611375,1.09093799920422,114.172293287999,112.884342089596,14.19,-1113.5,5.1,104.9
2.14193322089365,1.09086081241302,114.174666443181,112.887148841926,14.19,-1113.5,5.1,104.9
2.14171626465078,1.09079277590324,114.176741423657,112.889603577314,14.19,-1113.5,5.1,104.9
2.14152645875425,1.0907328571416,114.178555390655,112.891750042724,14.19,-1113.5,5.1,104.9
2.1413604300335,1.09068012909658,114.180141024307,112.893626732435,14.19,-1113.5,5.1,104.9
2.14121523577759,1.09063376045782,114.181526776212,112.895267187865,14.19,-1113.5,5.1,104.9
2.1410882774675,1.09059300935576,114.182737746043,112.89670100855,14.19,-1113.5,5.1,104.9
2.14097728563091,1.09055721522366,114.183795822031,112.89795402081,14.19,-1113.5,5.1,104.9
2.14088027027806,1.09052579142652,114.184720170376,112.89904884917,14.19,-1113.5,5.1,104.9
2.14079547928984,1.09049821769483,114.18552765332,112.900005402598,14.19,-1113.5,5.1,104.9
2.14072139518124,1.09047403448883,114.186232839502,112.900840894932,14.19,-1113.5,5.1,104.9
2.14065665661939,1.09045283358067,114.186848806533,112.901570772897,14.19,-1113.5,5.1,104.9
2.14060011069919,1.09043425408605,114.187386608187,112.902208112527,14.19,-1113.5,5.1,104.9
2.14055070386982,1.09041797374265,114.187856353435,112.902764863847,14.19,-1113.5,5.1,104.9
2.14050755573841,1.09040371695541,114.188266449202,112.903250969929,14.19,-1113.5,5.1,104.9
2.14046985551375,1.09039123279855,114.18862465262,112.903675602682,14.19,-1113.5,5.1,104.9
2.11896866622983,1.08915516897055,114.178786554092,112.90203296635,14.19,-1113.5,4.87406818324439,104.9
2.09980014481264,1.08511098594571,114.14501165979,112.887212912249,14.19,-1113.5,4.87406818324439,104.9
2.08764541681185,1.07977818266888,114.097410425705,112.856453059201,14.19,-1113.5,4.87406818324439,104.9
2.08046517338419,1.07415040524343,114.04216521139,112.813171204501,14.19,-1113.5,4.87406818324439,104.9
2.07677723369985,1.06878718196568,113.983172496338,112.761563699546,14.19,-1113.5,4.87406818324439,104.9
2.0755113325081,1.06397109276816,113.923058748031,112.705200012118,14.19,-1113.5,4.87406818324439,104.9
2.07589662315027,1.05981502113785,113.863628383221,112.646818118781,14.19,-1113.5,4.87406818324439,104.9
2.07737901269788,1.05633245373519,113.806110565595,112.588414433324,14.19,-1113.5,4.87406818324439,104.9
2.0795610943822,1.0534826209385,113.751315522933,112.5313959357,14.19,-1113.5,4.87406818324439,104.9
2.08215911245762,1.05119832353282,113.699745065594,112.476716777337,14.19,-1113.5,4.87406818324439,104.9
2.08497185823368,1.0494027778394,113.651674243797,112.424990395984,14.19,-1113.5,4.87406818324439,104.9
2.08785811901743,1.04801936969898,113.607213165895,112.376576967235,14.19,-1113.5,4.87406818324439,104.9
2.09072040997088,1.04697682276711,113.566353599556,112.331650540925,14.19,-1113.5,4.87406818324439,104.9
2.09349311484409,1.04621161708401,113.529004310974,112.290250504218,14.19,-1113.5,4.87406818324439,104.9
2.09613376742055,1.04566881465642,113.49501786753,112.252320702935,14.19,-1113.5,4.87406818324439,104.9
2.09861657525684,1.04530194311466,113.464210974501,112.217739545402,14.19,-1113.5,4.87406818324439,104.9
2.10092777755697,1.04507232066917,113.436379242139,112.186342113276,14.19,-1113.5,4.87406818324439,104.9
2.10306222828328,1.04494816997534,113.411308064991,112.15793662348,14.19,-1113.5,4.87406818324439,104.9
2.10502076610861,1.04490370750337,113.388780820594,112.132317107658,14.19,-1113.5,4.87406818324439,104.9
2.10680834584014,1.04491824396342,113.368584449384,112.1092723197,14.19,-1113.5,4.87406818324439,104.9
2.10843260872955,1.04497533811512,113.35051352331,112.088592422555,14.19,-1113.5,4.87406818324439,104.9
2.10990286942564,1.04506205174097,113.334372813896,112.07007348143,14.19,-1113.5,4.87406818324439,104.9
2.11122940575511,1.04516831554264,113.319978766216,112.0535203574,14.19,-1113.5,4.87406818324439,104.9
2.1124229151519,1.04528638755207,113.307160379063,112.038748712957,14.19,-1113.5,4.87406818324439,104.9
2.11349411513536,1.04541039534569,113.295759583462,112.025586234145,14.19,-1113.5,4.87406818324439,104.9
2.1144534800482,1.04553596106438,113.285631156729,112.013873128674,14.19,-1113.5,4.87406818324439,104.9
2.11531105578073,1.04565988313237,113.276642386162,112.003462233447,14.19,-1113.5,4.87406818324439,104.9
2.11607634796959,1.04577988005435,113.268672518386,111.99421877612,14.19,-1113.5,4.87406818324439,104.9
2.11675825602668,1.04589439084298,113.261612088608,111.986019887068,14.19,-1113.5,4.87406818324439,104.9
2.11736504638356,1.0460024132956,113.255362173924,111.978753980352,14.19,-1113.5,4.87406818324439,104.9
2.11790434160755,1.04610336881436,113.249833632942,111.972320074941,14.19,-1113.5,4.87406818324439,104.9
2.11838313166369,1.0461970022611,113.244946345819,111.966627067668,14.19,-1113.5,4.87406818324439,104.9
2.11880778753298,1.04628329072565,113.240628482761,111.961593018649,14.19,-1113.5,4.87406818324439,104.9
2.11918409406,1.04636238131427,113.236815769348,111.957144391018,14.19,-1113.5,4.87406818324439,104.9
2.11951728659807,1.04643454244594,113.233450792949,111.953215323587,14.19,-1113.5,4.87406818324439,104.9
2.11981208458153,1.04650011566395,113.230482338027,111.949746938269,14.19,-1113.5,4.87406818324439,104.9
2.12007273556816,1.04655949058776,113.227864761719,111.946686659369,14.19,-1113.5,4.87406818324439,104.9
2.12030305365109,1.0466130910206,113.225557486058,111.943987644693,14.19,-1113.5,4.87406818324439,104.9
2.12050645406667,1.04666134752743,113.223524447033,111.941608198384,14.19,-1113.5,4.87406818324439,104.9
2.12068599207936,1.04670468873281,113.221733614612,111.939511231112,14.19,-1113.5,4.87406818324439,104.9
2.12084439284778,1.04674353511634,113.220156616722,111.937663840728,14.19,-1113.5,4.87406818324439,104.9
2.12098408401402,1.04677828876014,113.218768320902,111.936036845673,14.19,-1113.5,4.87406818324439,104.9
2.12110722734643,1.04680932686679,113.217546441337,111.934604345334,14.19,-1113.5,4.87406818324439,104.9
2.12121574260818,1.04683700526681,113.216471297015,111.933343437707,14.19,-1113.5,4.87406818324439,104.9
2.12131132968884,1.04686165749183,113.215525557518,111.932233932015,14.19,-1113.5,4.87406818324439,104.9
2.12139550912692,1.04688358146876,113.214693715193,111.931257760849,14.19,-1113.5,4.87406818324439,104.9
2.12146961030785,1.04690306338752,113.213962334737,111.930399239143,14.19,-1113.5,4.87406818324439,104.9
2.1215348345054,1.04692035168763,113.213319221439,111.929644143058,14.19,-1113.5,4.87406818324439,104.9
2.12159222053747,1.04693568233054,113.212753956485,111.928980291494,14.19,-1113.5,4.87406818324439,104.9
2.12164271112422,1.04694926175392,113.21225703922,111.928396588045,14.19,-1113.5,4.87406818324439,104.9
2.12168711886925,1.04696128182684,113.211820348466,111.927883528437,14.19,-1113.5,4.87406818324439,104.9
2.12172617575436,1.04697191359377,113.211436566115,111.927432550706,14.19,-1113.5,4.87406818324439,104.9
2.12176051731611,1.04698131144814,113.211099360228,111.927036238388,14.19,-1113.5,4.87406818324439,104.9
2.12179070994038,1.04698961439848,113.210803092162,111.926687984833,14.19,-1113.5,4.87406818324439,104.9
2.12181725703672,1.04699694580097,113.210542760424,111.926381931666,14.19,-1113.5,4.87406818324439,104.9
2.12867668903335,1.04710812021315,113.211186577944,111.926168907896,14.19,-1113.5,5.1,104.9
2.15313078137047,1.04963574304474,113.232018919548,111.932227409632,14.19,-1113.5,5.1,104.9
2.16929850161864,1.05422238034508,113.271588497282,111.953538569205,14.19,-1113.5,5.1,104.9
2.17943762485354,1.05964513205852,113.322101724213,111.989337215351,14.19,-1113.5,5.1,104.9
2.18523949925696,1.06515907270317,113.378755669348,112.0358849695,14.19,-1113.5,5.1,104.9
2.18795842083746,1.07033885777653,113.438299496965,112.089376519377,14.19,-1113.5,5.1,104.9
2.18852010310886,1.07496650534588,113.498447395809,112.146668543811,14.19,-1113.5,5.1,104.9
2.18760515770701,1.07895507830393,113.557590918418,112.205346829304,14.19,-1113.5,5.1,104.9
2.18571198120502,1.08229714160635,113.614618754787,112.263637189715,14.19,-1113.5,5.1,104.9
2.18320357518068,1.08503076160195,113.668793765855,112.320278185048,14.19,-1113.5,5.1,104.9
2.18034224723663,1.0872175252519,113.719659892255,112.374409628509,14.19,-1113.5,5.1,104.9
2.17731551010525,1.08892854857426,113.76697125254,112.425478147198,14.19,-1113.5,5.1,104.9
2.1742554618517,1.09023587718823,113.810636750722,112.473162106337,14.19,-1113.5,5.1,104.9
2.17125311608395,1.09120762085414,113.850677670075,112.517312578502,14.19,-1113.5,5.1,104.9
2.16836917765582,1.09190537863235,113.887194770094,112.557907030061,14.19,-1113.5,5.1,104.9
2.16564212518749,1.09238313508769,113.920342981621,112.595013493319,14.19,-1113.5,5.1,104.9
2.16309433519205,1.09268707373605,113.95031192359,112.628762497232,14.19,-1113.5,5.1,104.9
2.16073655644291,1.09285598664857,113.9773115337,112.659326094274,14.19,-1113.5,5.1,104.9
2.15857122531078,1.09292196876774,114.001561436067,112.686902109714,14.19,-1113.5,5.1,104.9
2.15659505571846,1.09291118685098,114.023282799534,112.711701802753,14.19,-1113.5,5.1,104.9
2.15480089097969,1.09284469046772,114.042692743557,112.733941106005,14.19,-1113.5,5.1,104.9
2.15317911878773,1.09273920323428,114.060000269,112.753834027309,14.19,-1113.5,5.1,104.9
2.15171866970828,1.09260784775971,114.07540367977,112.771588182318,14.19,-1113.5,5.1,104.9
2.15040773303692,1.09246077573728,114.089089045269,112.787401834228,14.19,-1113.5,5.1,104.9
2.14923428178485,1.09230572187525,114.101229343883,112.801461901829,14.19,-1113.5,5.1,104.9
2.14818645025848,1.09214847131415,114.111984131214,112.81394278437,14.19,-1113.5,5.1,104.9
2.1472527917992,1.09199325266075,114.121499616831,112.825005831524,14.19,-1113.5,5.1,104.9
2.14642243884203,1.09184306532815,114.129909065729,112.834799311505,14.19,-1113.5,5.1,104.9
2.14568520386963,1.0916999553124,114.137333379853,112.843458647076,14.19,-1113.5,5.1,104.9
2.14503163875255,1.09156523813798,114.14388178021,112.851106895775,14.19,-1113.5,5.1,104.9
2.14445303421493,1.09143966209799,114.149652648926,112.857855491275,14.19,-1113.5,5.1,104.9
2.14394141073802,1.09132354420204,114.154734345111,112.863804977555,14.19,-1113.5,5.1,104.9
2.14348950601943,1.09121688998515,114.159205988147,112.869045732254,14.19,-1113.5,5.1,104.9
2.14309074262653,1.09111948299513,114.163138248466,112.873658761507,14.19,-1113.5,5.1,104.9
2.14273918712566,1.09103095269105,114.166594113813,112.877716491986,14.19,-1113.5,5.1,104.9
2.14242950362461,1.09095082212799,114.169629607174,112.881283530323,14.19,-1113.5,5.1,104.9
2.14215691165257,1.09087856490871,114.172294513635,112.884417420153,14.19,-1113.5,5.1,104.9
2.14191713122261,1.090813613551,114.174632991041,112.88716931155,14.19,-1113.5,5.1,104.9
2.14170634583911,1.09075539188428,114.176684122885,112.889584581173,14.19,-1113.5,5.1,104.9
2.1415211543365,1.09070333909161,114.178482543851,112.891703499128,14.19,-1113.5,5.1,104.9
2.1413585336532,1.09065690126583,114.180058805271,112.893561661314,14.19,-1113.5,5.1,104.9
2.14121580227574,1.09061555257297,114.181439870437,112.895190525535,14.19,-1113.5,5.1,104.9
2.14109058147872,1.09057880084303,114.182649556217,112.896617911264,14.19,-1113.5,5.1,104.9
2.14098076828059,1.09054618567815,114.183708818661,112.897868329469,14.19,-1113.5,5.1,104.9
2.1408845042414,1.09051728184896,114.184636101591,112.898963378955,14.19,-1113.5,5.1,104.9
2.14080015013955,1.0904916990183,114.18544761167,112.899922058768,14.19,-1113.5,5.1,104.9
2.1407262572169,1.09046908213233,114.186157628619,112.900761124559,14.19,-1113.5,5.1,104.9
2.14066154627718,1.09044911024318,114.186778736071,112.901495351017,14.19,-1113.5,5.1,104.9
2.14060489712636,1.09043148768514,114.187321903514,112.902137632069,14.19,-1113.5,5.1,104.9
2.14055530864047,1.09041595550797,114.187796946313,112.902699502576,14.19,-1113.5,5.1,104.9
2.14051191995966,1.09040227522588,114.188212226161,112.903190812075,14.19,-1113.5,5.1,104.9
2.14047395097546,1.09039023795938,114.188575356665,112.903620516861,14.19,-1113.5,5.1,104.9
2.14044074177836,1.09037965211544,114.188892722985,112.90399614773,14.19,-1113.5,5.1,104.9
2.14041169020964,1.0903703491122,114.189170167326,112.904324587561,14.19,-1113.5,5.1,104.9
2.14038628893452,1.09036217813639,114.189412586841,112.904611617595,14.19,-1113.5,5.1,104.9
2.14036407435919,1.09035500372004,114.189624464338,112.904862526404,14.19,-1113.5,5.1,104.9
2.13325955810301,1.09286395003745,115.025438092422,113.111671273483,14.19,-1113.5,5.1,114.653361468481
2.10363241042111,1.10193909786518,116.07669081132,113.832764121124,14.19,-1113.5,5.1,114.653361468481
2.06102378716009,1.1122708026842,116.999026760047,114.699160314635,14.19,-1113.5,5.1,114.653361468481
2.01216384967838,1.12080076710966,117.834906071131,115.568381588223,14.19,-1113.5,5.1,114.653361468481
1.96126393228996,1.12614955650977,118.59662050824,116.393412969482,14.19,-1113.5,5.1,114.653361468481
1.91103462238393,1.12792572253987,119.288612247093,117.158493388268,14.19,-1113.5,5.1,114.653361468481
1.86318007620626,1.12632693684289,119.913916439484,117.858966860014,14.19,-1113.5,5.1,114.653361468481
1.81869656635431,1.12187428923715,120.475835224426,118.494694621346,14.19,-1113.5,5.1,114.653361468481
1.77808266260968,1.11522724418805,120.978204969685,119.06771208436,14.19,-1113.5,5.1,114.653361468481
1.74149556719201,1.10706000568302,121.425285332461,119.581247525833,14.19,-1113.5,5.1,114.653361468481
1.70886822894627,1.09798598318636,121.821573065942,120.039214487562,14.19,-1113.5,5.1,114.653361468481
1.6799949934425,1.08851925958548,122.171629490462,120.445893211592,14.19,-1113.5,5.1,114.653361468481
1.65459250952915,1.07906209224143,122.479941452672,120.805708127002,14.19,-1113.5,5.1,114.653361468481
1.63234174932052,1.06990882447401,122.750818005038,121.123064829303,14.19,-1113.5,5.1,114.653361468481
1.6129156026981,1.06125914798565,122.988319213372,121.402233249628,14.19,-1113.5,5.1,114.653361468481
1.59599636389415,1.05323501249097,123.196211603571,121.647266058553,14.19,-1113.5,5.1,114.653361468481
1.5812859575983,1.04589809577876,123.377944961215,121.861945690471,14.19,-1113.5,5.1,114.653361468481
1.56851123763935,1.03926568773138,123.536645940122,122.049754580261,14.19,-1113.5,5.1,114.653361468481
1.55742604120265,1.03332403618398,123.675124017488,122.213863438439,14.19,-1113.5,5.1,114.653361468481
1.54781117174105,1.02803909203427,123.795885815713,122.357132412112,14.19,-1113.5,5.1,114.653361468481
1.53947319560842,1.02336468763622,123.901154753271,122.482121823394,14.19,-1113.5,5.1,114.653361468481
1.53224254407372,1.01924854559867,123.992893750673,122.591109221081,14.19,-1113.5,5.1,114.653361468481
1.52597126558561,1.01563643048971,124.072829291378,122.68611034921,14.19,-1113.5,5.1,114.653361468481
1.52053072424829,1.01247499465343,124.142475434273,122.768901740901,14.19,-1113.5,5.1,114.653361468481
1.51580936793853,1.00971352743883,124.20315674839,122.841043928859,14.19,-1113.5,5.1,114.653361468481
1.51171062216941,1.00730501486545,124.256030050687,122.903904091901,14.19,-1113.5,5.1,114.653361468481
1.5081509710604,1.00520658993491,124.302104318795,122.958677587124,14.19,-1113.5,5.1,114.653361468481
1.50505824278701,1.00337967477355,124.3422585957,123.00640785695,14.19,-1113.5,5.1,114.653361468481
1.50237007984038,1.00178991080212,124.377258276942,123.048004680029,14.19,-1113.5,5.1,114.653361468481
1.50003262141669,1.00040689814889,124.407769406462,123.084260483398,14.19,-1113.5,5.1,114.653361468481
1.49799931882634,0.999203895608307,124.434371594751,123.115865272855,14.19,-1113.5,5.1,114.653361468481
1.49622992492992,0.998157476201469,124.457569218285,123.143419727093,14.19,-1113.5,5.1,114.653361468481
1.49468963185816,0.997247180640378,124.477801081549,123.167446554157,14.19,-1113.5,5.1,114.653361468481
1.49334832714434,0.996455180092162,124.495448904193,123.18840048271,14.19,-1113.5,5.1,114.653361468481
1.49217994413652,0.995765965757481,124.510844804042,123.206677109693,14.19,-1113.5,5.1,114.653361468481
1.49116190009865,0.995166064300759,124.524277839905,123.222620676199,14.19,-1113.5,5.1,114.653361468481
1.49027461837491,0.994643779350568,124.535999649306,123.2365307886,14.19,-1113.5,5.1,114.653361468481
1.48950112005642,0.994188960465509,124.546229320329,123.248668230277,14.19,-1113.5,5.1,114.653361468481
1.48882666911045,0.993792798750752,124.555157668347,123.259260061963,14.19,-1113.5,5.1,114.653361468481
1.48823845101736,0.993447639542244,124.56295112698,123.268504268817,14.19,-1113.5,5.1,114.653361468481
1.48772534702156,0.993146844504627,124.569754554284,123.27657311607,14.19,-1113.5,5.1,114.653361468481
1.48727769424068,0.992884653067617,124.57569416772,123.283616658537,14.19,-1113.5,5.1,114.653361468481
1.4868870930182,0.992656060660523,124.580879977815,123.289765657368,14.19,-1113.5,5.1,114.653361468481
1.48654622718015,0.992456729083721,124.585407908888,123.295134071077,14.19,-1113.5,5.1,114.653361468481
1.48624872249661,0.99228288233786,124.589361696478,123.299821345013,14.19,-1113.5,5.1,114.653361468481
1.48598903739233,0.99213123606789,124.592814305592,123.30391411915,14.19,-1113.5,5.1,114.653361468481
1.4857623369486,0.991998940441967,124.595829413453,123.307488010486,14.19,-1113.5,5.1,114.653361468481
1.48556442726025,0.991883505790942,124.598462491014,123.310608886077,14.19,-1113.5,5.1,114.653361468481
1.48539163512645,0.991782762671289,124.600762114237,123.313334412294,14.19,-1113.5,5.1,114.653361468481
1.48524075445504,0.991694842243294,124.60277058788,123.315714747495,14.19,-1113.5,5.1,114.653361468481
1.48510900647266,0.991618094101031,124.604524821426,123.317793649097,14.19,-1113.5,5.1,114.653361468481
1.48499395340172,0.991551093377937,124.606057076869,123.319609382351,14.19,-1113.5,5.1,114.653361468481
1.4848934694195,0.991492609570077,124.607395441806,123.321195318625,14.19,-1113.5,5.1,114.653361468481
1.48480571394522,0.991441543104815,124.608564482345,123.322580552346,14.19,-1113.5,5.1,114.653361468481
1.48472907073103,0.991396955283933,124.609585618702,123.32379050767,14.19,-1113.5,5.1,114.653361468481
1.48491706584595,0.991289045246964,124.459573545835,123.317776329826,14.19,-1113.5,5.1,104.9
1.5037775613853,0.987565838638745,123.289376797683,122.834283863003,14.19,-1113.5,5.1,104.9
1.53905038370911,0.983951768528614,122.31626505089,122.024644179619,14.19,-1113.5,5.1,104.9
1.58080438357661,0.983063553282937,121.454882392887,121.159294024523,14.19,-1113.5,5.1,104.9
1.62456262427715,0.98489333857098,120.678103887803,120.324974128073,14.19,-1113.5,5.1,104.9
1.66806786949529,0.988796889532144,119.97551047155,119.548925638089,14.19,-1113.5,5.1,104.9
1.7101026814927,0.994088825632222,119.341073050722,118.838288836631,14.19,-1113.5,5.1,104.9
1.74999802308256,1.00020285501688,118.769731959979,118.192963522234,14.19,-1113.5,5.1,104.9
1.78740110589861,1.00671368858307,118.256590408885,117.61003999967,14.19,-1113.5,5.1,104.9
1.82215246120755,1.01331865137709,117.796818734288,117.085477685642,14.19,-1113.5,5.1,104.9
1.85421507759847,1.01981099869085,117.385719895977,116.614819196032,14.19,-1113.5,5.1,104.9
1.88363085512147,1.02605557560046,117.018804341087,116.193532956044,14.19,-1113.5,5.1,104.9
1.91049226813099,1.03196906307341,116.69184282492,115.817196471551,14.19,-1113.5,5.1,104.9
1.93492353659423,1.03750483624201,116.400896157056,115.481594759435,14.19,-1113.5,5.1,104.9
1.95706783176218,1.04264190657744,116.142326301617,115.182771868932,14.19,-1113.5,5.1,104.9
1.97707816689158,1.04737677915643,115.912796013324,114.917056093966,14.19,-1113.5,5.1,104.9
1.99511110298115,1.05171755740236,115.709260148829,114.681067031839,14.19,-1113.5,5.1,104.9
2.01132231160339,1.05567979813788,115.528951854008,114.471711693506,14.19,-1113.5,5.1,104.9
2.02586356227957,1.0592836484542,115.369365859082,114.286173441489,14.19,-1113.5,5.1,104.9
2.03888050767719,1.0625517528311,115.228240815697,114.121897863078,14.19,-1113.5,5.1,104.9
2.0505113591995,1.06550786204915,115.103540665626,113.976575960603,14.19,-1113.5,5.1,104.9
2.06088598442116,1.06817583925247,114.993436380515,113.848126462682,14.19,-1113.5,5.1,104.9
2.07012551257758,1.07057905938898,114.896288073866,113.734677787063,14.19,-1113.5,5.1,104.9
2.07834220069511,1.07274000036673,114.810628131386,113.634550491351,14.19,-1113.5,5.1,104.9
2.08563946077613,1.07467999200921,114.735145387143,113.546240500954,14.19,-1113.5,5.1,104.9
2.09211208819595,1.07641907279659,114.668670169313,113.468403161336,14.19,-1113.5,5.1,104.9
2.09784663276558,1.07797591888623,114.610160444677,113.399838207867,14.19,-1113.5,5.1,104.9
2.10292179377065,1.07936783225185,114.558689002823,113.339475678264,14.19,-1113.5,5.1,104.9
2.10740889824786,1.08061076828686,114.513431813198,113.286363051295,14.19,-1113.5,5.1,104.9
2.11137239040046,1.08171938374689,114.473657329815,113.239653357215,14.19,-1113.5,5.1,104.9
2.11487035146288,1.08270710428913,114.43871692892,113.198594514347,14.19,-1113.5,5.1,104.9
2.11795499896136,1.08358618704812,114.408036016474,113.162519378711,14.19,-1113.5,5.1,104.9
2.12067314659438,1.08436778845156,114.38110606016,113.130836693421,14.19,-1113.5,5.1,104.9
2.12306666690949,1.08506204732643,114.357477556717,113.103023160684,14.19,-1113.5,5.1,104.9
2.12517295206732,1.08567815581962,114.336753441115,113.078616005929,14.19,-1113.5,5.1,104.9
2.12702533680335,1.08622442436739,114.318582803103,113.057205818054,14.19,-1113.5,5.1,104.9
2.12865352451802,1.08670835160169,114.302655641382,113.038430605356,14.19,-1113.5,5.1,104.9
2.13008387336494,1.08713669436276,114.28869971745,113.021972078733,14.19,-1113.5,5.1,104.9
2.13133986832429,1.08751553528263,114.276473381375,113.007547579946,14.19,-1113.5,5.1,104.9
2.13244224449946,1.08785033979331,114.265765637941,112.994909944485,14.19,-1113.5,5.1,104.9
2.13340941066579,1.08814601458454,114.25638987243,112.983840448975,14.19,-1113.5,5.1,104.9
2.13425762462048,1.08840695948008,114.248182313353,112.97414695272,14.19,-1113.5,5.1,104.9
2.13500122043018,1.08863710017945,114.240999371324,112.96566088179,14.19,-1113.5,5.1,104.9
2.13565290432434,1.08883995479598,114.234714039348,112.958233056537,14.19,-1113.5,5.1,104.9
2.13622383586554,1.08901864744154,114.229215505513,112.951733223134,14.19,-1113.5,5.1,104.9
2.13672388137479,1.08917596699026,114.224406005986,112.946046415154,14.19,-1113.5,5.1,104.9
2.13716173356482,1.08931439436576,114.220199807606,112.941071745206,14.19,-1113.5,5.1,104.9
2.13754501182152,1.08943613257932,114.216522040304,112.936721048403,14.19,-1113.5,5.1,104.9
2.137880465423,1.08954314640724,114.213306526347,112.93291636403,14.19,-1113.5,5.1,104.9
2.13817398173538,1.08963717244666,114.210495740148,112.92958988413,14.19,-1113.5,5.1,104.9
2.13843075520329,1.08971975374568,114.208039023932,112.926681873261,14.19,-1113.5,5.1,104.9
2.13865534496027,1.08979225509579,114.205891999897,112.924139987413,14.19,-1113.5,5.1,104.9
2.13885173761182,1.08985587976984,114.204015982695,112.92191857101,14.19,-1113.5,5.1,104.9
2.13902345791986,1.08991169571581,114.202376787829,112.919977277354,14.19,-1113.5,5.1,104.9
2.13917357450855,1.08996064239023,114.200944755708,112.918281075523,14.19,-1113.5,5.1,104.9
2.13930480642621,1.09000355643151,114.199693610471,112.916798929986,14.19,-1113.5,5.1,104.9
2.13628233713148,1.0911022436038,114.207588242921,112.917460595218,13.9824804553771,-1113.5,5.1,104.9
2.13195892505762,1.09225071569535,114.21681272756,112.924065663631,13.9824804553771,-1113.5,5.1,104.9
2.12887008741599,1.09270307964953,114.221695080764,112.930619423887,13.9824804553771,-1113.5,5.1,104.9
2.12669309548483,1.09274022307044,114.224021069953,112.935301849291,13.9824804553771,-1113.5,5.1,104.9
2.12518113256648,1.09254783667155,114.224685564121,112.938035127787,13.9824804553771,-1113.5,5.1,104.9
2.12415146080318,1.0922438389832,114.22422207441,112.939176961791,13.9824804553771,-1113.5,5.1,104.9
2.12347016240353,1.0919006194396,114.222994023735,112.939120381071,13.9824804553771,-1113.5,5.1,104.9
2.12303945516363,1.09156044939148,114.2212612352,112.938207139879,13.9824804553771,-1113.5,5.1,104.9
2.12278800429385,1.09124622632506,114.219214973509,112.936707207331,13.9824804553771,-1113.5,5.1,104.9
2.12266364595832,1.09096879152186,114.216996400124,112.934827754673,13.9824804553771,-1113.5,5.1,104.9
2.12262828729155,1.09073157641077,114.214708746384,112.932724745284,13.9824804553771,-1113.5,5.1,104.9
2.12265415492407,1.09053370385897,114.212426379534,112.930513407927,13.9824804553771,-1113.5,5.1,104.9
2.12272091493311,1.09037208150575,114.210201865802,112.928277980511,13.9824804553771,-1113.5,5.1,104.9
2.12281376065837,1.09024254675948,114.208071104403,112.926078709573,13.9824804553771,-1113.5,5.1,104.9
2.12292208307637,1.09014056327004,114.206057042646,112.923956972227,13.9824804553771,-1113.5,5.1,104.9
2.12303825692775,1.09006174809033,114.204173216531,112.921940247823,13.9824804553771,-1113.5,5.1,104.9
2.12315683728129,1.09000210104473,114.202426262367,112.92004567667,13.9824804553771,-1113.5,5.1,104.9
2.12327402391728,1.08995806820176,114.200817711356,112.918282594705,13.9824804553771,-1113.5,5.1,104.9
2.12338725349777,1.08992656861989,114.19934536963,112.916654485881,13.9824804553771,-1113.5,5.1,104.9
2.12349489345601,1.08990499365773,114.198004364019,112.915160485197,13.9824804553771,-1113.5,5.1,104.9
2.12359595857413,1.08989117570061,114.196788140869,112.913796808141,13.9824804553771,-1113.5,5.1,104.9
2.12368992199783,1.08988333986313,114.19568914435,112.912557742062,13.9824804553771,-1113.5,5.1,104.9
2.12377657557146,1.08988004213284,114.194699325995,112.911436405126,13.9824804553771,-1113.5,5.1,104.9
2.12385596200951,1.0898801165091,114.193810389056,112.910425125675,13.9824804553771,-1113.5,5.1,104.9
2.12392828536004,1.08988262397423,114.193014089646,112.909515904221,13.9824804553771,-1113.5,5.1,104.9
2.12399388859227,1.08988684033844,114.192302306143,112.908700523282,13.9824804553771,-1113.5,5.1,104.9
2.12405315156997,1.08989218437856,114.191667361198,112.907971068997,13.9824804553771,-1113.5,5.1,104.9
2.1241065441808,1.08989824537317,114.191101842585,112.907319652707,13.9824804553771,-1113.5,5.1,104.9
2.12415449617569,1.08990468450555,114.190599001216,112.906739063436,13.9824804553771,-1113.5,5.1,104.9
2.12419744294764,1.08991124131581,114.190152550557,112.9062225005,13.9824804553771,-1113.5,5.1,104.9
2.12423582478737,1.08991774522809,114.189756684369,112.905763582043,13.9824804553771,-1113.5,5.1,104.9
2.12427005208209,1.08992405733484,114.189406104836,112.905356463964,13.9824804553771,-1113.5,5.1,104.9
2.12430051887783,1.08993008305282,114.189095953941,112.904995739149,13.9824804553771,-1113.5,5.1,104.9
2.1243275967681,1.08993576582263,114.188821828901,112.904676467445,13.9824804553771,-1113.5,5.1,104.9
2.12435162868184,1.08994106987288,114.188579746016,112.904394158148,13.9824804553771,-1113.5,5.1,104.9
2.12437293484948,1.08994598874538,114.188366136495,112.904144753637,13.9824804553771,-1113.5,5.1,104.9
2.12439180078569,1.08995051521449,114.188177779662,112.903924597544,13.9824804553771,-1113.5,5.1,104.9
2.12440849165683,1.08995466675514,114.188011826955,112.903730422234,13.9824804553771,-1113.5,5.1,104.9
2.12442324123281,1.08995844824898,114.187865688463,112.903559274607,13.9824804553771,-1113.5,5.1,104.9
2.12443626350185,1.08996188429556,114.187737107171,112.903408553167,13.9824804553771,-1113.5,5.1,104.9
2.12444775080134,1.08996498867568,114.187624008518,112.903275879182,13.9824804553771,-1113.5,5.1,104.9
2.1244578744553,1.08996778651953,114.187524608454,112.903159189641,13.9824804553771,-1113.5,5.1,104.9
2.12446679194376,1.08997029816388,114.187437259235,112.903056582249,13.9824804553771,-1113.5,5.1,104.9
2.12447464033625,1.08997254795866,114.187360554966,112.902966425378,13.9824804553771,-1113.5,5.1,104.9
2.1244815459878,1.08997455818445,114.187293201006,112.902887216169,13.9824804553771,-1113.5,5.1,104.9
2.1244876243496,1.08997634904386,114.187234009249,112.902817576515,13.9824804553771,-1113.5,5.1,104.9
2.12449297621471,1.08997794070476,114.187181954822,112.902756314007,13.9824804553771,-1113.5,5.1,104.9
2.12449767762415,1.08997935758816,114.187136313345,112.902702572231,13.9824804553771,-1113.5,5.1,104.9
2.12450180180222,1.08998061955977,114.187096366428,112.902655507769,13.9824804553771,-1113.5,5.1,104.9
2.12450544154352,1.08998173445627,114.187061114674,112.902613973187,13.9824804553771,-1113.5,5.1,104.9
2.12450863409385,1.08998272436589,114.187030251461,112.902577590795,13.9824804553771,-1113.5,5.1,104.9
2.12451141901376,1.08998360538473,114.187003412844,112.902545925539,13.9824804553771,-1113.5,5.1,104.9
2.1245138741963,1.08998438429529,114.186979762367,112.90251801857,13.9824804553771,-1113.5,5.1,104.9
2.12451602850448,1.08998507315433,114.186959034525,112.902493552664,13.9824804553771,-1113.5,5.1,104.9
2.12451790499442,1.08998568207537,114.186941018502,112.902472275625,13.9824804553771,-1113.5,5.1,104.9
2.12452013067717,1.08998599912466,114.186923558317,112.902453855054,14.19,-1113.5,5.1,104.9
2.12982397748648,1.08832481573191,114.172692074555,112.897311085977,14.19,-1113.5,5.1,104.9
2.13365676252665,1.0875650081486,114.164859228015,112.88922080171,14.19,-1113.5,5.1,104.9
2.13638864391101,1.0873573829179,114.160521851368,112.882525135187,14.19,-1113.5,5.1,104.9
2.13831270298733,1.08746686308197,114.158379169434,112.877968380267,14.19,-1113.5,5.1,104.9
2.13964871454307,1.08774172551404,114.157718138021,112.875326368659,14.19,-1113.5,5.1,104.9
2.14055833083098,1.08808742908898,114.15807856434,112.874188679468,14.19,-1113.5,5.1,104.9
2.14115978811532,1.08844739812684,114.159137710882,112.874163869914,14.19,-1113.5,5.1,104.9
2.14153938033805,1.08878978062109,114.160659848567,112.874930244547,14.19,-1113.5,5.1,104.9
2.1417602282688,1.08909826672323,114.162470131646,112.87623735676,14.19,-1113.5,5.1,104.9
2.14186848317199,1.08936622245529,114.164439532426,112.877894038236,14.19,-1113.5,5.1,104.9
2.14189787087036,1.08959277349282,114.166473625611,112.879757276125,14.19,-1113.5,5.1,104.9
2.14187311410042,1.08978018724771,114.168504276047,112.881721147979,14.19,-1113.5,5.1,104.9
2.14181226936211,1.08993235282018,114.170483518181,112.883708504846,14.19,-1113.5,5.1,104.9
2.14172843743103,1.09005382345654,114.172378811976,112.885664523909,14.19,-1113.5,5.1,104.9
2.14163104996482,1.09014921582804,114.174169326503,112.887551479247,14.19,-1113.5,5.1,104.9
2.14152692313934,1.09022283189879,114.175842721248,112.889344205616,14.19,-1113.5,5.1,104.9
2.14142089167644,1.09027854971787,114.177393036213,112.891027128682,14.19,-1113.5,5.1,104.9
2.14131631780081,1.0903197696185,114.178818969649,112.892591830404,14.19,-1113.5,5.1,104.9
2.14121542289053,1.09034940142875,114.180122741352,112.894035424453,14.19,-1113.5,5.1,104.9
2.14111963964259,1.09036988091262,114.181308854644,112.895358784265,14.19,-1113.5,5.1,104.9
2.14102983999599,1.09038321642825,114.182383267568,112.896565345091,14.19,-1113.5,5.1,104.9
2.14094649197109,1.0903910510944,114.183352806848,112.897660244706,14.19,-1113.5,5.1,104.9
2.1408697511245,1.09039471947313,114.184224826771,112.898649809407,14.19,-1113.5,5.1,104.9
2.14079957102328,1.09039530489964,114.18500682227,112.899540965121,14.19,-1113.5,5.1,104.9
2.14073571402587,1.09039364516591,114.185706397136,112.900341185947,14.19,-1113.5,5.1,104.9
2.14067788646354,1.0903904151717,114.186330804062,112.901057779342,14.19,-1113.5,5.1,104.9
2.14062569589945,1.09038611552357,114.186887104563,112.901698117393,14.19,-1113.5,5.1,104.9
2.14057875278672,1.09038114021539,114.187381833454,112.902269106104,14.19,-1113.5,5.1,104.9
2.14053666671102,1.09037580425496,114.187821058112,112.902777232507,14.19,-1113.5,5.1,104.9
2.14049902970486,1.09037032814172,114.188210444124,112.903228665282,14.19,-1113.5,5.1,104.9
2.1404654509986,1.09036487945869,114.188555174608,112.903629095618,14.19,-1113.5,5.1,104.9
2.14043555440608,1.09035958196217,114.188860012847,112.903983798321,14.19,-1113.5,5.1,104.9
2.14040898550128,1.09035452298004,114.189129302136,112.904297616451,14.19,-1113.5,5.1,104.9
2.14038540410908,1.09034974156297,114.18936694988,112.904574963868,14.19,-1113.5,5.1,104.9
2.14036450702296,1.09034527992261,114.189576517824,112.904819849682,14.19,-1113.5,5.1,104.9
2.1403460065152,1.09034113346909,114.189761133309,112.905035852567,14.19,-1113.5,5.1,104.9
2.14032964964838,1.09033732228602,114.189923698348,112.905226257007,14.19,-1113.5,5.1,104.9
2.14031520374632,1.09033382535204,114.190066674406,112.905393900179,14.19,-1113.5,5.1,104.9
2.14030245688738,1.09033064485587,114.190192410169,112.905541459966,14.19,-1113.5,5.1,104.9
2.14029122408051,1.09032775856208,114.190302843669,112.905671176544,14.19,-1113.5,5.1,104.9
2.14028132952174,1.0903251550262,114.190399851958,112.905785208055,14.19,-1113.5,5.1,104.9
2.14027262464848,1.09032281178137,114.19048496489,112.905885329741,14.19,-1113.5,5.1,104.9
2.14026496744714,1.09032071142093,114.190559662616,112.905973253847,14.19,-1113.5,5.1,104.9
2.1402582364536,1.09031883267442,114.190625180706,112.906050418331,14.19,-1113.5,5.1,104.9
2.14025231255407,1.09031716142112,114.190682770472,112.906118268966,14.19,-1113.5,5.1,104.9
2.14024710923065,1.09031567199945,114.190733258164,112.906177782537,14.19,-1113.5,5.1,104.9
2.14024255041911,1.09031434093006,114.190777368522,112.906229816723,14.19,-1113.5,5.1,104.9
2.14023853251821,1.09031316528381,114.190816238435,112.90627567187,14.19,-1113.5,5.1,104.9
2.14023500729835,1.09031212113323,114.190850284236,112.906315854119,14.19,-1113.5,5.1,104.9
2.14023192820616,1.09031119046126,114.190879935291,112.906350876462,14.19,-1113.5,5.1,104.9
2.14022922788304,1.09031036497537,114.190905896219,112.90638155363,14.19,-1113.5,5.1,104.9
2.14022685438107,1.09030963594555,114.190928700257,112.906408505217,14.19,-1113.5,5.1,104.9
2.14022478532507,1.09030899030872,114.19094853508,112.906431961794,14.19,-1113.5,5.1,104.9
2.14022299378842,1.09030841951684,114.190965659514,112.906452229405,14.19,-1113.5,5.1,104.9
2.1402214257885,1.09030791950579,114.19098064674,112.906469967814,14.19,-1113.5,5.1,104.9
2.14020227793739,1.09031400146495,114.195450029479,112.971275680878,14.19,-939.262376408714,5.1,104.9
2.13980128924995,1.09044878703443,114.22437884685,113.061624324991,14.19,-939.262376408714,5.1,104.9
2.13876164201441,1.09075988054604,114.262430637137,113.120026839793,14.19,-939.262376408714,5.1,104.9
2.13719964647087,1.09116252213697,114.301424167194,113.167140805192,14.19,-939.262376408714,5.1,104.9
2.13529836466329,1.09157239213665,114.338717926947,113.209050842662,14.19,-939.262376408714,5.1,104.9
2.13321613615796,1.09193488687716,114.373469393624,113.247458858797,14.19,-939.262376408714,5.1,104.9
2.13107094405352,1.09222257928785,114.405441780985,113.282832918662,14.19,-939.262376408714,5.1,104.9
2.12894496486756,1.09242700159958,114.434634437828,113.315308183993,14.19,-939.262376408714,5.1,104.9
2.12689268981143,1.09255105815466,114.461139340016,113.34498381701,14.19,-939.262376408714,5.1,104.9
2.12494846742849,1.09260366675207,114.485097075882,113.371970418901,14.19,-939.262376408714,5.1,104.9
2.12313199302238,1.09259647814092,114.506672590457,113.39640338642,14.19,-939.262376408714,5.1,104.9
2.12145281564674,1.09254161857735,114.526040448208,113.418440087537,14.19,-939.262376408714,5.1,104.9
2.11991344205799,1.09245052870066,114.543378153176,113.438248773417,14.19,-939.262376408714,5.1,104.9
2.11851166156776,1.09233337108053,114.55886049696,113.456002001991,14.19,-939.262376408714,5.1,104.9
2.11724201841573,1.09219881308082,114.572656243023,113.471872208175,14.19,-939.262376408714,5.1,104.9
2.11609718908858,1.09205395422904,114.584925478701,113.486026855952,14.19,-939.262376408714,5.1,104.9
2.11506881218988,1.09190445247222,114.595818306151,113.49862566678,14.19,-939.262376408714,5.1,104.9
2.11414799959123,1.09175470342599,114.605474234594,113.509819326295,14.19,-939.262376408714,5.1,104.9
2.1133257460881,1.09160801135507,114.614021892028,113.51974850943,14.19,-939.262376408714,5.1,104.9
2.11259320468436,1.09146675187745,114.621579074273,113.528543368162,14.19,-939.262376408714,5.1,104.9
2.1119419114705,1.0913325578107,114.628253021811,113.536323336651,14.19,-939.262376408714,5.1,104.9
2.11136390035836,1.09120647678807,114.634140914224,113.543197372438,14.19,-939.262376408714,5.1,104.9
2.11085174925385,1.09108910090325,114.639330501295,113.549264449124,14.19,-939.262376408714,5.1,104.9
2.11039859553425,1.0909806628138,114.643900719186,113.554614086497,14.19,-939.262376408714,5.1,104.9
2.10999814305139,1.09088114294113,114.64792249876,113.559327073687,14.19,-939.262376408714,5.1,104.9
2.10964465399494,1.09079030023935,114.651459098515,113.563475794595,14.19,-939.262376408714,5.1,104.9
2.10933293485806,1.09070777021607,114.654567022097,113.567125107427,14.19,-939.262376408714,5.1,104.9
2.10905829967077,1.09063310413053,114.657296639782,113.570332995807,14.19,-939.262376408714,5.1,104.9
2.10881653449695,1.09056579757348,114.659692728274,113.573151150944,14.19,-939.262376408714,5.1,104.9
2.10860387230176,1.09050531549118,114.661794908811,113.575625431677,14.19,-939.262376408714,5.1,104.9
2.10841693583103,1.09045112303822,114.663638427523,113.577796714755,14.19,-939.262376408714,5.1,104.9
2.10825271185359,1.09040268840253,114.665254467536,113.579701241625,14.19,-939.262376408714,5.1,104.9
2.10810848822163,1.09035950527034,114.666670985098,113.581371538689,14.19,-939.262376408714,5.1,104.9
2.10798193599008,1.0903210644113,114.667911620223,113.582835219985,14.19,-939.262376408714,5.1,104.9
2.10787089943795,1.09028691706312,114.668998387883,113.58411796344,14.19,-939.262376408714,5.1,104.9
2.10777357267907,1.09025661778195,114.66994940304,113.585240998295,14.19,-939.262376408714,5.1,104.9
2.10768825900681,1.09022977949938,114.670781862657,113.586224427658,14.19,-939.262376408714,5.1,104.9
2.10761353972161,1.09020603277459,114.671509930484,113.587084875165,14.19,-939.262376408714,5.1,104.9
2.1075480994,1.09018505038646,114.672146816263,113.587837822033,14.19,-939.262376408714,5.1,104.9
2.10749081315263,1.0901665300845,114.672703714018,113.588496419171,14.19,-939.262376408714,5.1,104.9
2.10744067907116,1.09015020108179,114.673190583642,113.58907237055,14.19,-939.262376408714,5.1,104.9
2.10739680297246,1.09013581526091,114.673616286583,113.589576098061,14.19,-939.262376408714,5.1,104.9
2.10735843092757,1.09012315401993,114.673988251094,113.590016351823,14.19,-939.262376408714,5.1,104.9
2.10732484162776,1.0901120130535,114.674313614611,113.590401531191,14.19,-939.262376408714,5.1,104.9
2.1072954888664,1.09010222178993,114.674597707111,113.59073793184,14.19,-939.262376408714,5.1,104.9
2.10726980729034,1.09009361692376,114.674846102668,113.591032117539,14.19,-939.262376408714,5.1,104.9
2.1072473724048,1.09008606420881,114.675062936665,113.591288974431,14.19,-939.262376408714,5.1,104.9
2.1072277651561,1.09007943581195,114.675252318976,113.591513352376,14.19,-939.262376408714,5.1,104.9
2.1072106355113,1.09007362246291,114.675417673702,113.591709295436,14.19,-939.262376408714,5.1,104.9
2.10719567818842,1.09006852711705,114.675561977244,113.591880321047,14.19,-939.262376408714,5.1,104.9
2.10718260886242,1.09006406072959,114.675688008211,113.592029710979,14.19,-939.262376408714,5.1,104.9
2.10717120198897,1.09006014985281,114.675797959189,113.592160058807,14.19,-939.262376408714,5.1,104.9
2.1071612337811,1.09005672328977,114.675894007204,113.592273937125,14.19,-939.262376408714,5.1,104.9
2.10715253601264,1.09005372536084,114.675977782522,113.592373275568,14.19,-939.262376408714,5.1,104.9
2.10714493463141,1.09005109973371,114.676050974842,113.592460072799,14.19,-939.262376408714,5.1,104.9
2.10713830764787,1.09004880512526,114.676114759929,113.592535721955,14.19,-939.262376408714,5.1,104.9
2.10725211174486,1.09000500896123,114.660971484733,113.481119642578,14.19,-1113.5,5.1,104.9
2.10793516478252,1.08978633206732,114.626363295357,113.409408732156,14.19,-1113.5,5.1,104.9
2.10922548644896,1.08943025025027,114.58741984127,113.357388378412,14.19,-1113.5,5.1,104.9
2.11095300563804,1.08902886461388,114.549083548968,113.313028593293,14.19,-1113.5,5.1,104.9
2.11294049517215,1.08865163841873,114.5129496794,113.272855038967,14.19,-1113.5,5.1,104.9
2.11504854763579,1.08833742712294,114.479512120753,113.235905312602,14.19,-1113.5,5.1,104.9
2.11717748374303,1.08810204402952,114.448871054232,113.20191833882,14.19,-1113.5,5.1,104.9
2.11925992481623,1.08794665874317,114.420972514925,113.170786661008,14.19,-1113.5,5.1,104.9
2.12125224948339,1.08786452206377,114.395696529689,113.142404251272,14.19,-1113.5,5.1,104.9
2.12312800984018,1.08784505287389,114.372886948236,113.116647930996,14.19,-1113.5,5.1,104.9
2.12487293245798,1.08787646321508,114.352372363207,113.093368764864,14.19,-1113.5,5.1,104.9
2.12648110538447,1.08794732774409,114.333975712681,113.072402165663,14.19,-1113.5,5.1,104.9
2.12795230905425,1.0880473261549,114.317520310325,113.053576876587,14.19,-1113.5,5.1,104.9
2.12929025089664,1.08816753894443,114.30283420743,113.036719657157,14.19,-1113.5,5.1,104.9
2.13050108009964,1.08830056451531,114.289753210805,113.021660361041,14.19,-1113.5,5.1,104.9
2.13159241262557,1.08844044877485,114.27812254424,113.008235404035,14.19,-1113.5,5.1,104.9
2.13257263132918,1.08858252234767,114.267797859028,112.996289860831,14.19,-1113.5,5.1,104.9
2.13345041947257,1.08872320077963,114.258645606141,112.985678509658,14.19,-1113.5,5.1,104.9
2.13423450916604,1.08885985838387,114.250543050009,112.976266335998,14.19,-1113.5,5.1,104.9
2.13493337646536,1.08899064374673,114.243378139833,112.967929002557,14.19,-1113.5,5.1,104.9
2.13555507174382,1.08911431484498,114.237049097913,112.960552791954,14.19,-1113.5,5.1,104.9
2.13610715232358,1.08923010759999,114.231463831011,112.954034177464,14.19,-1113.5,5.1,104.9
2.13659665551395,1.08933763206191,114.226539282455,112.948279269631,14.19,-1113.5,5.1,104.9
2.13703008144375,1.08943678277849,114.222200751029,112.943203217523,14.19,-1113.5,5.1,104.9
2.1374133880857,1.08952766749912,114.218381251443,112.938729620147,14.19,-1113.5,5.1,104.9
2.13775200380829,1.08961055337239,114.215020913273,112.934789933337,14.19,-1113.5,5.1,104.9
2.13805084019587,1.08968583018705,114.212066537674,112.931323027135,14.19,-1113.5,5.1,104.9
2.13831432718529,1.08975392999022,114.209470560456,112.928274136744,14.19,-1113.5,5.1,104.9
2.13854645402589,1.08981532458305,114.20719067184,112.925594419771,14.19,-1113.5,5.1,104.9
2.1387508024063,1.0898705059231,114.205189299838,112.923240400168,14.19,-1113.5,5.1,104.9
2.13893056535565,1.08991997336919,114.20343330594,112.921173641042,14.19,-1113.5,5.1,104.9
2.13908861174877,1.08996420977142,114.201893109402,112.919359782084,14.19,-1113.5,5.1,104.9
2.13922750787455,1.09000367925278,114.200542416836,112.917768235648,14.19,-1113.5,5.1,104.9
2.13934948083855,1.09003884036524,114.199358735209,112.916372750029,14.19,-1113.5,5.1,104.9
2.13945656334644,1.09007010418361,114.198321457627,112.915149291139,14.19,-1113.5,5.1,104.9
2.139550500412,1.09009786877874,114.197413153404,112.914077460398,14.19,-1113.5,5.1,104.9
2.13963288430495,1.09012248614935,114.196617833159,112.913138566222,14.19,-1113.5,5.1,104.9
2.13970509938168,1.09014428750116,114.195921737319,112.912316485384,14.19,-1113.5,5.1,104.9
2.13976837409519,1.09016356846123,114.195312656899,112.91159691034,14.19,-1113.5,5.1,104.9
2.13982381328323,1.09018060338161,114.194779660476,112.910967017453,14.19,-1113.5,5.1,104.9
2.13987235085519,1.09019563561642,114.194313564337,112.91041601688,14.19,-1113.5,5.1,104.9
2.13991486394449,1.09020889221931,114.193905735717,112.909933768069,14.19,-1113.5,5.1,104.9
2.13995206381241,1.09022057045382,114.193549241319,112.909512107472,14.19,-1113.5,5.1,104.9
2.13998464566774,1.09023085568214,114.193237261987,112.909143017595,14.19,-1113.5,5.1,104.9
2.14001312965004,1.09023990269588,114.192964779527,112.908820574289,14.19,-1113.5,5.1,104.9
2.14003807284713,1.09024786208242,114.192726337808,112.908538359934,14.19,-1113.5,5.1,104.9
2.14005986682718,1.09025485428885,114.192518175115,112.908291928367,14.19,-1113.5,5.1,104.9
2.14007892854358,1.09026099745012,114.192336235617,112.90807650103,14.19,-1113.5,5.1,104.9
2.14009558665861,1.09026638936697,114.192177344067,112.907888330188,14.19,-1113.5,5.1,104.9
2.14011014098197,1.09027111964502,114.19203860665,112.907723999552,14.19,-1113.5,5.1,104.9
2.14012286380039,1.09027526896827,114.191917392199,112.907580403878,14.19,-1113.5,5.1,104.9
2.14013397392796,1.09027890469928,114.191811597753,112.907455057712,14.19,-1113.5,5.1,104.9
2.14014368771221,1.09028209245505,114.191719140067,112.907345500171,14.19,-1113.5,5.1,104.9
2.14015216198091,1.09028488186023,114.191638518739,112.907249955921,14.19,-1113.5,5.1,104.9
2.14015956701156,1.09028732542954,114.191568097634,112.907166491094,14.19,-1113.5,5.1,104.9
2.16095140110705,1.09079915884628,114.195768068704,112.907483471025,14.19,-1113.5,5.56868227492076,104.9
2.2087503500186,1.09700435905431,114.248380542973,112.92470302707,14.19,-1113.5,5.56868227492076,104.9
2.23935587282059,1.10726814233313,114.340540872323,112.976532557549,14.19,-1113.5,5.56868227492076,104.9
2.25753479731907,1.11900900335422,114.45586848977,113.060016436114,14.19,-1113.5,5.56868227492076,104.9
2.26685230998804,1.1306833673151,114.58396868771,113.166592952491,14.19,-1113.5,5.56868227492076,104.9
2.26995049618576,1.14143071933554,114.717689805542,113.287794426177,14.19,-1113.5,5.56868227492076,104.9
2.26877669911166,1.15083057073355,114.851982659143,113.416643859332,14.19,-1113.5,5.56868227492076,104.9
2.26475903461674,1.15873796778016,114.983297113165,113.547802041462,14.19,-1113.5,5.56868227492076,104.9
2.25893828956552,1.16517370463273,115.109202395438,113.677352345779,14.19,-1113.5,5.56868227492076,104.9
2.25206651454374,1.17025171579623,115.228112658677,113.802531029212,14.19,-1113.5,5.56868227492076,104.9
2.24468084629598,1.1741317771739,115.33907887788,113.921476695689,14.19,-1113.5,5.56868227492076,104.9
2.2371586899946,1.17698962263962,115.441627364282,114.033021176546,14.19,-1113.5,5.56868227492076,104.9
2.22975914957163,1.17899872206483,115.535633930919,114.13651998886,14.19,-1113.5,5.56868227492076,104.9
2.22265423143651,1.18031983468895,115.621225529722,114.231717560119,14.19,-1113.5,5.56868227492076,104.9
2.21595222690696,1.18109580925785,115.69870423206,114.318641133628,14.19,-1113.5,5.56868227492076,104.9
2.20971518483553,1.18144974388664,115.768488950736,114.39751850296,14.19,-1113.5,5.56868227492076,104.9
2.20397207675752,1.18148510206517,115.831070902024,114.468714124996,14.19,-1113.5,5.56868227492076,104.9
2.19872864960931,1.18128702899337,115.886980001374,114.532680063256,14.19,-1113.5,5.56868227492076,104.9
2.19397475579051,1.18092428963134,115.936759951098,114.589918870213,14.19,-1113.5,5.56868227492076,104.9
2.18968960653313,1.18045146811263,115.980950804007,114.640956694442,14.19,-1113.5,5.56868227492076,104.9
2.18584581417571,1.17991111015941,116.020076077712,114.686322722269,14.19,-1113.5,5.56868227492076,104.9
2.18241224873763,1.1793357421181,116.054634294253,114.726534944621,14.19,-1113.5,5.56868227492076,104.9
2.17935611884979,1.17874971185206,116.085093508265,114.762090111285,14.19,-1113.5,5.56868227492076,104.9
2.17664443103653,1.17817079251399,116.111888230537,114.79345720735,14.19,-1113.5,5.56868227492076,104.9
2.17424493220854,1.17761152651706,116.135418350057,114.821073879955,14.19,-1113.5,5.56868227492076,104.9
2.17212677959825,1.17708036200497,116.156049094525,114.845344433783,14.19,-1113.5,5.56868227492076,104.9
2.17026097156142,1.1765825953158,116.174111834144,114.866639219305,14.19,-1113.5,5.56868227492076,104.9
2.16862056669295,1.17612112329786,116.189905598697,114.885295218944,14.19,-1113.5,5.56868227492076,104.9
2.16718080193621,1.17569707940009,116.20369891774,114.901617157396,14.19,-1113.5,5.56868227492076,104.9
2.16591908618771,1.17531030959975,116.21573200086,114.915879275385,14.19,-1113.5,5.56868227492076,104.9
2.16481494231052,1.17495974296422,116.226218951112,114.92832735354,14.19,-1113.5,5.56868227492076,104.9
2.16384991005813,1.17464368445873,116.235350022109,114.939180827387,14.19,-1113.5,5.56868227492076,104.9
2.16300743013027,1.17436004564437,116.243293791314,114.948634930374,14.19,-1113.5,5.56868227492076,104.9
2.16227271137104,1.17410651870864,116.250199246011,114.956862842873,14.19,-1113.5,5.56868227492076,104.9
2.16163258736209,1.17388069723857,116.256197751019,114.964017781357,14.19,-1113.5,5.56868227492076,104.9
2.16107537399167,1.1736801758737,116.261404929356,114.970235002748,14.19,-1113.5,5.56868227492076,104.9
2.16059072760162,1.17350260754546,116.265922379835,114.975633658799,14.19,-1113.5,5.56868227492076,104.9
2.16016951609985,1.17334574854381,116.269839196472,114.980318504464,14.19,-1113.5,5.56868227492076,104.9
2.15980368967381,1.17320749166644,116.273233462821,114.984381539854,14.19,-1113.5,5.56868227492076,104.9
2.15948616976622,1.1730858666502,116.276173430054,114.987903355675,14.19,-1113.5,5.56868227492076,104.9
2.15921074214619,1.17297905921839,116.278718721832,114.990954474786,14.19,-1113.5,5.56868227492076,104.9
2.15897195990408,1.17288541190549,116.280921363122,114.993596533695,14.19,-1113.5,5.56868227492076,104.9
2.15876505426181,1.17280342155329,116.282826717396,114.99588335643,14.19,-1113.5,5.56868227492076,104.9
2.15858586144817,1.1727317297704,116.28447422817,114.997861816239,14.19,-1113.5,5.56868227492076,104.9
2.15843074092288,1.1726691185137,116.285898271217,114.999572814293,14.19,-1113.5,5.56868227492076,104.9
2.15829651925983,1.17261449772737,116.287128711046,115.001051923457,14.19,-1113.5,5.56868227492076,104.9
2.15818041647937,1.17256689638158,116.288191651118,115.002330256916,14.19,-1113.5,5.56868227492076,104.9
2.15808003471318,1.1725254507741,116.289109508967,115.003434585355,14.19,-1113.5,5.56868227492076,104.9
2.15799325567578,1.17248939754163,116.289902084362,115.004388552333,14.19,-1113.5,5.56868227492076,104.9
2.15791827568512,1.17245805964626,116.290586141559,115.005212215372,14.19,-1113.5,5.56868227492076,104.9
2.15785349408974,1.1724308391675,116.291176565008,115.005923380327,14.19,-1113.5,5.56868227492076,104.9
2.15779755233202,1.17240721170694,116.291685925942,115.006537109666,14.19,-1113.5,5.56868227492076,104.9
2.15774924795264,1.17238671325608,116.292125350872,115.007066734082,14.19,-1113.5,5.56868227492076,104.9
2.15770755719589,1.17236894060435,116.292504280483,115.007523579802,14.19,-1113.5,5.56868227492076,104.9
2.15767156834062,1.17235353693167,116.292831129695,115.007917737394,14.19,-1113.5,5.56868227492076,104.9
2.1576405167231,1.17234019467458,116.293112924315,115.008257649329,14.19,-1113.5,5.56868227492076,104.9
2.11367707047448,1.16945607490199,116.269634398068,115.003833772321,14.19,-1113.5,5.1,104.9
2.07589502123029,1.16020723113232,116.19111524201,114.968913377462,14.19,-1113.5,5.1,104.9
2.05322808726747,1.1483652747336,116.081959369658,114.897681930382,14.19,-1113.5,5.1,104.9
2.0409601681419,1.13625590079613,115.956701080956,114.798610391577,14.19,-1113.5,5.1,104.9
2.03576560751105,1.12508808774095,115.82426333159,114.681641807109,14.19,-1113.5,5.1,104.9
2.03531450768276,1.11539496115403,115.690496493536,114.555039990046,14.19,-1113.5,5.1,104.9
2.03797685700963,1.10732281756412,115.559314621382,114.42499018488,14.19,-1113.5,5.1,104.9
2.04261301445071,1.10081046447013,115.433300932834,114.295898560707,14.19,-1113.5,5.1,104.9
2.04842729804937,1.09569720983513,115.314090509671,114.170785514245,14.19,-1113.5,5.1,104.9
2.0548664071455,1.09178506958649,115.202634441003,114.051631082707,14.19,-1113.5,5.1,104.9
2.0615485926167,1.08887305286199,115.099391766157,113.939647926844,14.19,-1113.5,5.1,104.9
2.06821385909365,1.08677474920551,115.004471972943,113.835490355904,14.19,-1113.5,5.1,104.9
2.07468902156455,1.08532590469799,114.917740562444,113.739411668391,14.19,-1113.5,5.1,104.9
2.08086281476753,1.08438656646834,114.838897755602,113.651382253551,14.19,-1113.5,5.1,104.9
2.08666800904092,1.0838403249842,114.767536974677,113.571178150711,14.19,-1113.5,5.1,104.9
2.09206853045752,1.08359208036037,114.703187967227,113.498446990432,14.19,-1113.5,5.1,104.9
2.09705036447319,1.08356522299745,114.645347515633,113.432755614175,14.19,-1113.5,5.1,104.9
2.10161471962115,1.08369884040002,114.593502199813,113.373625990316,14.19,-1113.5,5.1,104.9
2.10577314677276,1.08394506767229,114.547144175333,113.320560752876,14.19,-1113.5,5.1,104.9
2.10954392044927,1.08426670024421,114.505782277273,113.27306178386,14.19,-1113.5,5.1,104.9
2.11294953790191,1.08463517399001,114.468948867204,113.230642431342,14.19,-1113.5,5.1,104.9
2.11601483895341,1.08502885645086,114.43620428414,113.192836105161,14.19,-1113.5,5.1,104.9
2.11876564239474,1.08543162242754,114.407139338154,113.15920186495,14.19,-1113.5,5.1,104.9
2.12122781581902,1.08583169682197,114.381376196573,113.129327508955,14.19,-1113.5,5.1,104.9
2.12342659548467,1.08622068399725,114.358568371204,113.102831241895,14.19,-1113.5,5.1,104.9
2.12538616031321,1.08659281027055,114.338399828475,113.079361916952,14.19,-1113.5,5.1,104.9
2.12712936960841,1.08694432780903,114.320583596773,113.058598407615,14.19,-1113.5,5.1,104.9
2.12867760001942,1.08727303141116,114.304860134035,113.040248515329,14.19,-1113.5,5.1,104.9
2.13005065726158,1.08757786702946,114.290995555421,113.024047560581,14.19,-1113.5,5.1,104.9
2.13126675590576,1.08785862542773,114.278779751043,113.009756703001,14.19,-1113.5,5.1,104.9
2.13234255463405,1.08811571497445,114.268024459902,112.997161083445,14.19,-1113.5,5.1,104.9
2.13329320170094,1.08834995979609,114.25856139217,112.986067985303,14.19,-1113.5,5.1,104.9
2.13413242214888,1.08856247260473,114.250240403196,112.976304938783,14.19,-1113.5,5.1,104.9
2.13487260712189,1.0887545518185,114.242927793618,112.967717934162,14.19,-1113.5,5.1,104.9
2.1355249055662,1.08892759807698,114.236504715088,112.960169726656,14.19,-1113.5,5.1,104.9
2.13609931875461,1.0890830514154,114.230865683903,112.953538233385,14.19,-1113.5,5.1,104.9
2.13660479522265,1.08922234588872,114.225917206834,112.947715032659,14.19,-1113.5,5.1,104.9
2.13704932356624,1.08934687808564,114.221576522749,112.942603975121,14.19,-1113.5,5.1,104.9
2.13744002036675,1.08945798892161,114.217770485157,112.938119936422,14.19,-1113.5,5.1,104.9
2.13778321889721,1.08955694003355,114.214434400884,112.934187527739,14.19,-1113.5,5.1,104.9
2.13808453961488,1.08964492012197,114.211511267405,112.930740218143,14.19,-1113.5,5.1,104.9
2.13834897330441,1.08972302192453,114.20895067868,112.927719120787,14.19,-1113.5,5.1,104.9
2.13858093842846,1.08979226053402,114.206708288839,112.925072356165,14.19,-1113.5,5.1,104.9
2.138784338446,1.08985356732887,114.204745118563,112.922754270777,14.19,-1113.5,5.1,104.9
2.13896263147554,1.08990778854794,114.203026752425,112.920724524912,14.19,-1113.5,5.1,104.9
2.13911886263291,1.08995569548984,114.201523032905,112.918947730051,14.19,-1113.5,5.1,104.9
2.13925571607121,1.08999798454493,114.200207467639,112.917392773882,14.19,-1113.5,5.1,104.9
2.13937556449345,1.09003528145757,114.199056691047,112.916032201191,14.19,-1113.5,5.1,104.9
2.13948049025643,1.09006814957576,114.198050275648,112.914841987694,14.19,-1113.5,5.1,104.9
2.13957231844455,1.0900970938594,114.19717037852,112.913801131744,14.19,-1113.5,5.1,104.9
2.13965267293426,1.0901225645839,114.19640112605,112.912890948654,14.19,-1113.5,5.1,104.9
2.13972296590425,1.09014496400648,114.195728772737,112.912095242404,14.19,-1113.5,5.1,104.9
2.13978444790197,1.09016465117868,114.195141160766,112.9113996835,14.19,-1113.5,5.1,104.9
2.13983822020399,1.09018194486791,114.1946275959,112.910791663762,14.19,-1113.5,5.1,104.9
2.13988523453479,1.09019712859813,114.1941788802,112.910260326749,14.19,-1113.5,5.1,104.9
2.13839952997008,1.09077800545465,114.71646791456,112.957580340991,14.19,-1113.5,5.1,122.097769398465
2.10155157881406,1.10294444274004,116.735131312698,113.921538223956,14.19,-1113.5,5.1,122.097769398465
2.032836574253,1.12094945655511,118.452032752422,115.386637458422,14.19,-1113.5,5.1,122.097769398465
1.94798343658925,1.13628527422214,119.995323054241,116.937353187503,14.19,-1113.5,5.1,122.097769398465
1.85711952721889,1.14453439412575,121.399724785828,118.437000879124,14.19,-1113.5,5.1,122.097769398465
1.7669056856946,1.14406774133292,122.674887056143,119.838368141289,14.19,-1113.5,5.1,122.097769398465
1.68154162947181,1.13516969675323,123.82532278225,121.125050488049,14.19,-1113.5,5.1,122.097769398465
1.60340890939111,1.11929861138438,124.855829420258,122.292758275539,14.19,-1113.5,5.1,122.097769398465
1.53358065840058,1.0984552940171,125.77263431047,123.342929107164,14.19,-1113.5,5.1,122.097769398465
1.47224199368629,1.0747007650654,126.583320680511,124.280242447445,14.19,-1113.5,5.1,122.097769398465
1.41902232849989,1.04984620104047,127.296441772355,125.111403066126,14.19,-1113.5,5.1,122.097769398465
1.3732418662196,1.02530160266789,127.921076488356,125.844382439196,14.19,-1113.5,5.1,122.097769398465
1.33408265136512,1.00204510376475,128.466413943187,126.487848832581,14.19,-1113.5,5.1,122.097769398465
1.30069918848125,0.980667334073594,128.941405224432,127.050708215018,14.19,-1113.5,5.1,122.097769398465
1.27228427426266,0.961450955220337,129.354501794757,127.541737506629,14.19,-1113.5,5.1,122.097769398465
1.24810360743012,0.94445734873501,129.713484067601,127.969308515822,14.19,-1113.5,5.1,122.097769398465
1.22750999985484,0.929603763265763,130.025372412558,128.341201091225,14.19,-1113.5,5.1,122.097769398465
1.20994511002604,0.916724458587758,130.296403109109,128.664494860907,14.19,-1113.5,5.1,122.097769398465
1.19493418955634,0.905614755185106,130.532051142678,128.945526349879,14.19,-1113.5,5.1,122.097769398465
1.18207737181876,0.896060154719129,130.737082760566,129.189894950398,14.19,-1113.5,5.1,122.097769398465
1.17103980963474,0.887854036754332,130.915623386533,129.402501325256,14.19,-1113.5,5.1,122.097769398465
1.16154193984649,0.880807119499816,131.07123108314,129.587605216029,14.19,-1113.5,5.1,122.097769398465
1.15335054431134,0.874751440427603,131.206968937453,129.748892294155,14.19,-1113.5,5.1,122.097769398465
1.14627092424621,0.869541059786636,131.325472270902,129.889542540352,14.19,-1113.5,5.1,122.097769398465
1.14014019674041,0.865050943715885,131.42900913489,130.012295785193,14.19,-1113.5,5.1,122.097769398465
1.13482172860355,0.86117480521463,131.519533617148,130.119512019987,14.19,-1113.5,5.1,122.097769398465
1.130200520271,0.857822717546677,131.598731537783,130.213225156574,14.19,-1113.5,5.1,122.097769398465
1.12617945260986,0.854918782490548,131.668059216587,130.295189509649,14.19,-1113.5,5.1,122.097769398465
1.12267620004936,0.852398964787771,131.728776898846,130.366920123739,14.19,-1113.5,5.1,122.097769398465
1.11962071308082,0.850209145291626,131.78197710504,130.4297275802,14.19,-1113.5,5.1,122.097769398465
1.11695317808261,0.848303479912767,131.828608441039,130.484747452272,14.19,-1113.5,5.1,122.097769398465
1.11462237126344,0.846643046709911,131.869495588776,130.532964966872,14.19,-1113.5,5.1,122.097769398465
1.11258430007876,0.84519471200165,131.905356379652,130.575236016586,14.19,-1113.5,5.1,122.097769398465
1.11080106201248,0.843930170371366,131.93681654909,130.612305357121,14.19,-1113.5,5.1,122.097769398465
1.10923993168517,0.842825173281985,131.964422025809,130.644821733073,14.19,-1113.5,5.1,122.097769398465
1.10787258879914,0.841858885495819,131.988649596411,130.673350930391,14.19,-1113.5,5.1,122.097769398465
1.10667447319727,0.841013351278889,132.009916077022,130.698386950827,14.19,-1113.5,5.1,122.097769398465
1.10562425707931,0.840273066055966,132.028586030206,130.72036138547,14.19,-1113.5,5.1,122.097769398465
1.1047033943592,0.83962461769668,132.044978463125,130.739651529558,14.19,-1113.5,5.1,122.097769398465
1.1038957332888,0.839056380429166,132.059372692595,130.756587460918,14.19,-1113.5,5.1,122.097769398465
1.10318718890261,0.838558255326215,132.072013435503,130.771458159499,14.19,-1113.5,5.1,122.097769398465
1.10256547102962,0.838121458239421,132.083115132834,130.784516691455,14.19,-1113.5,5.1,122.097769398465
1.10201984145428,0.837738335993744,132.092865823456,130.795984847416,14.19,-1113.5,5.1,122.097769398465
1.10154091166301,0.837402212983238,132.101430441503,130.80605707794,14.19,-1113.5,5.1,122.097769398465
1.10112047056281,0.837107262580449,132.108953653793,130.814903869034,14.19,-1113.5,5.1,122.097769398465
1.10075132514062,0.836848389555642,132.115562490943,130.822674872339,14.19,-1113.5,5.1,122.097769398465
1.10042718553698,0.836621147463943,132.121368292671,130.829501207171,14.19,-1113.5,5.1,122.097769398465
1.10014253981309,0.836421646886631,132.126468788344,130.835497936485,14.19,-1113.5,5.1,122.097769398465
1.09989255603744,0.836246482469432,132.1309497825,130.8407660617,14.19,-1113.5,5.1,122.097769398465
1.09967299871093,0.836092671230092,132.134886603177,130.845394234246,14.19,-1113.5,5.1,122.097769398465
1.09948015498103,0.835957600383908,132.138345368682,130.849460253686,14.19,-1113.5,5.1,122.097769398465
1.0993107622639,0.835838974941908,132.141384243376,130.853032551034,14.19,-1113.5,5.1,122.097769398465
1.09916196724414,0.835734789656537,132.144054156434,130.856171035957,14.19,-1113.5,5.1,122.097769398465
1.09903125213225,0.835643274778511,132.146400078084,130.85892860455,14.19,-1113.5,5.1,122.097769398465
1.09891641540247,0.8355628836036,132.148461375298,130.86135155411,14.19,-1113.5,5.1,122.097769398465
1.09881552461698,0.835492250543856,132.150272696536,130.863480623269,14.19,-1113.5,5.1,122.097769398465
1.10479060109118,0.834675323568815,131.524757112303,130.710261055806,14.19,-1113.5,5.1,114.773036561338
1.12671190677363,0.834939539347519,130.743165973634,130.172406183124,14.19,-1113.5,5.1,114.773036561338
1.15428446359999,0.839209167752533,130.068047988818,129.531025529622,14.19,-1113.5,5.1,114.773036561338
1.18296761627498,0.846737624435626,129.466877128063,128.895396608867,14.19,-1113.5,5.1,114.773036561338
1.21093444302379,0.856232431045977,128.928021495067,128.300744049754,14.19,-1113.5,5.1,114.773036561338
1.23740004167185,0.866652535934611,128.445365787481,127.757298422933,14.19,-1113.5,5.1,114.773036561338
1.26202971292134,0.877289954132195,128.014112156728,127.266339741247,14.19,-1113.5,5.1,114.773036561338
1.2847058636029,0.887699333384197,127.629775173617,126.825745131568,14.19,-1113.5,5.1,114.773036561338
1.30542490324621,0.897617152270926,127.288027299639,126.432074913008,14.19,-1113.5,5.1,114.773036561338
1.32424629112104,0.906899737138076,126.984734663725,126.081435153454,14.19,-1113.5,5.1,114.773036561338
1.34126467232997,0.915480230410529,126.716010257604,125.769873610183,14.19,-1113.5,5.1,114.773036561338
1.35659375932994,0.923340350902343,126.478248085958,125.493567207513,14.19,-1113.5,5.1,114.773036561338
1.37035620197235,0.930491840098325,126.268137235142,125.248916177951,14.19,-1113.5,5.1,114.773036561338
1.38267719283545,0.936964364425915,126.082661425892,125.03258630107,14.19,-1113.5,5.1,114.773036561338
1.39368034610789,0.942797801250438,125.9190888347,124.841522504552,14.19,-1113.5,5.1,114.773036561338
1.4034850168221,0.948037195706976,125.774956744244,124.672947011476,14.19,-1113.5,5.1,114.773036561338
1.41220460031678,0.952729499951394,125.648053296051,124.524348721723,14.19,-1113.5,5.1,114.773036561338
1.41994552006839,0.956921495723443,125.536397927958,124.393467629305,14.19,-1113.5,5.1,114.773036561338
1.42680672083207,0.96065851452366,125.438221642963,124.278276748805,14.19,-1113.5,5.1,114.773036561338
1.43287949048215,0.963983675581881,125.35194788517,124.176963239234,14.19,-1113.5,5.1,114.773036561338
1.43824747870156,0.966937411287719,125.276174273924,124.087909733271,14.19,-1113.5,5.1,114.773036561338
1.44298696084672,0.969557254187885,125.209654512657,124.009675299937,14.19,-1113.5,5.1,114.773036561338
1.4471671080803,0.971877792547671,125.151285094218,123.940981043875,14.19,-1113.5,5.1,114.773036561338
1.45085038906527,0.973930685133308,125.100089168738,123.880692532252,14.19,-1113.5,5.1,114.773036561338
1.45409303319602,0.975744749910768,125.055202232145,123.827804054175,14.19,-1113.5,5.1,114.773036561338
1.45694550953399,0.97734610996635,125.015860196124,123.781425315627,14.19,-1113.5,5.1,114.773036561338
1.45945297996875,0.978758361017486,124.981389021119,123.740769755216,14.19,-1113.5,5.1,114.773036561338
1.46165575465807,0.980002750218626,124.951194545068,123.705143042894,14.19,-1113.5,5.1,114.773036561338
1.46358973391586,0.981098358611589,124.924753154569,123.673932535399,14.19,-1113.5,5.1,114.773036561338
1.4652868400178,0.982062272971461,124.901603651011,123.646598037403,14.19,-1113.5,5.1,114.773036561338
1.4667754030195,0.982909762382259,124.881340140453,123.622663649698,14.19,-1113.5,5.1,114.773036561338
1.46808050443041,0.983654440570791,124.863606242661,123.601711073654,14.19,-1113.5,5.1,114.773036561338
1.46922432495967,0.984308411620124,124.848088982112,123.583372640375,14.19,-1113.5,5.1,114.773036561338
1.47022645111273,0.984882431784661,124.834513534092,123.567325223506,14.19,-1113.5,5.1,114.773036561338
1.47110416325897,0.985386044055012,124.822638649182,123.553284996615,14.19,-1113.5,5.1,114.773036561338
1.47187267994841,0.985827694326722,124.812252942828,123.541003081646,14.19,-1113.5,5.1,114.773036561338
1.47254543024165,0.986214864999564,124.803170446779,123.530260437289,14.19,-1113.5,5.1,114.773036561338
1.47313422613863,0.986554155881003,124.79522839507,123.5208652193,14.19,-1113.5,5.1,114.773036561338
1.47364943527683,0.986851389635138,124.788284391051,123.512649500866,14.19,-1113.5,5.1,114.773036561338
1.47410020101079,0.987111712611607,124.782213145221,123.505465474072,14.19,-1113.5,5.1,114.773036561338
1.47449451563486,0.987339650197584,124.776905490369,123.499184281622,14.19,-1113.5,5.1,114.773036561338
1.4748393928182,0.987539181977565,124.772265837026,123.493693052638,14.19,-1113.5,5.1,114.773036561338
1.47514100141484,0.98771381922245,124.768210212985,123.488892608434,14.19,-1113.5,5.1,114.773036561338
1.47540473606059,0.987866635551677,124.764665373893,123.48469640925,14.19,-1113.5,5.1,114.773036561338
1.47563532425073,0.988000331846233,124.761567222794,123.481028704419,14.19,-1113.5,5.1,114.773036561338
1.47583692406034,0.988117284840443,124.758859449048,123.477822934165,14.19,-1113.5,5.1,114.773036561338
1.4760131584904,0.988219573830391,124.756493071184,123.475021183118,14.19,-1113.5,5.1,114.773036561338
1.47616721260916,0.988309028113,124.754425058665,123.472572565757,14.19,-1113.5,5.1,114.773036561338
1.47630187399579,0.988387253645277,124.752617781191,123.470432572885,14.19,-1113.5,5.1,114.773036561338
1.47641956945492,0.98845564916124,124.751038522389,123.468562499186,14.19,-1113.5,5.1,114.773036561338
1.47652244127228,0.98851545112299,124.749658402394,123.466928175507,14.19,-1113.5,5.1,114.773036561338
1.47661234653586,0.988567731318024,124.748452426141,123.465500023631,14.19,-1113.5,5.1,114.773036561338
1.47669091829507,0.988613433105625,124.747398617529,123.464252036284,14.19,-1113.5,5.1,114.773036561338
1.47675958483851,0.988653381938031,124.746477771712,123.463161484638,14.19,-1113.5,5.1,114.773036561338
1.47681959081853,0.988688296376581,124.745673183732,123.462208599628,14.19,-1113.5,5.1,114.773036561338
1.49119232900364,0.98501089891414,124.706137216028,123.459538804053,17.8473324529065,-1113.5,5.1,114.773036561338
1.58941442418321,0.972436618099427,124.473249424044,123.351862257527,17.8473324529065,-1113.5,5.1,114.773036561338
1.64769777181797,0.980247134073545,124.37316713991,123.219721763971,17.8473324529065,-1113.5,5.1,114.773036561338
1.68143857954674,0.994579881262956,124.34415181172,123.131667243194,17.8473324529065,-1113.5,5.1,114.773036561338
1.70020322741473,1.00922439282003,124.35526123257,123.092194066824,17.8473324529065,-1113.5,5.1,114.773036561338
1.70988156125264,1.02174879329219,124.388981724574,123.090169102869,17.8473324529065,-1113.5,5.1,114.773036561338
1.71409519380064,1.03151470545277,124.434618439037,123.113211364751,17.8473324529065,-1113.5,5.1,114.773036561338
1.71507601916262,1.03866829804678,124.485425885625,123.15131680485,17.8473324529065,-1113.5,5.1,114.773036561338
1.71420298162264,1.04364176764139,124.537150710042,123.197246947254,17.8473324529065,-1113.5,5.1,114.773036561338
1.7123280047553,1.04692010378259,124.587182375944,123.246069522372,17.8473324529065,-1113.5,5.1,114.773036561338
1.70997496994334,1.0489422151888,124.634008395809,123.294582839034,17.8473324529065,-1113.5,5.1,114.773036561338
1.70746183212965,1.05006835050974,124.676848154272,123.340821360879,17.8473324529065,-1113.5,5.1,114.773036561338
1.70497691158216,1.05057754556334,124.715400206387,123.383674914472,17.8473324529065,-1113.5,5.1,114.773036561338
1.70262659830321,1.05067769524111,124.74966833526,123.422610083951,17.8473324529065,-1113.5,5.1,114.773036561338
1.70046571066735,1.05051903211753,124.779842348697,123.457471343853,17.8473324529065,-1113.5,5.1,114.773036561338
1.69851706864065,1.05020726030115,124.806216596658,123.488341019821,17.8473324529065,-1113.5,5.1,114.773036561338
1.69678399930333,1.04981490381146,124.82913585489,123.515442926409,17.8473324529065,-1113.5,5.1,114.773036561338
1.69525830827846,1.04939030457646,124.84896069431,123.539077765074,17.8473324529065,-1113.5,5.1,114.773036561338
1.69392551557859,1.04896455645606,124.866045283207,123.559579669463,17.8473324529065,-1113.5,5.1,114.773036561338
1.6927681564259,1.04855672885867,124.880724184139,123.577288292601,17.8473324529065,-1113.5,5.1,114.773036561338
1.69176784604514,1.04817769462795,124.893305226105,123.592531508015,17.8473324529065,-1113.5,5.1,114.773036561338
1.69090646039429,1.04783276922807,124.904066764773,123.605616079343,17.8473324529065,-1113.5,5.1,114.773036561338
1.69016688501426,1.04752365706589,124.91325700237,123.616822306812,17.8473324529065,-1113.5,5.1,114.773036561338
1.68953339835744,1.04724980587435,124.921094903505,123.626402092862,17.8473324529065,-1113.5,5.1,114.773036561338
1.68899182383714,1.04700932458858,124.927772126435,123.634579075062,17.8473324529065,-1113.5,5.1,114.773036561338
1.68852955197852,1.04679960417036,124.933455395755,123.641549939866,17.8473324529065,-1113.5,5.1,114.773036561338
1.6881354724787,1.04661770264725,124.938289072796,123.64748651148,17.8473324529065,-1113.5,5.1,114.773036561338
1.68779987227241,1.04646060494835,124.942397662503,123.652538018525,17.8473324529065,-1113.5,5.1,114.773036561338
1.68751431525992,1.04632539497301,124.945888178813,123.65683343573,17.8473324529065,-1113.5,5.1,114.773036561338
1.68727150882642,1.04620934150912,124.948852339433,123.660483824277,17.8473324529065,-1113.5,5.1,114.773036561338
1.68706517271072,1.04610995962767,124.951368636388,123.663584563498,17.8473324529065,-1113.5,5.1,114.773036561338
1.68688991150565,1.04602501497172,124.953504135472,123.666217386111,17.8473324529065,-1113.5,5.1,114.773036561338
1.68674110342742,1.0459525227927,124.955316050664,123.668452191716,17.8473324529065,-1113.5,5.1,114.773036561338
1.68661479562277,1.04589073363655,124.956853130231,123.670348659105,17.8473324529065,-1113.5,5.1,114.773036561338
1.68650761349522,1.04583811847821,124.958156861031,123.671957667864,17.8473324529065,-1113.5,5.1,114.773036561338
1.68641668054758,1.04579335022722,124.95926251641,123.673322539102,17.8473324529065,-1113.5,5.1,114.773036561338
1.68633954635472,1.04575528419171,124.960200090867,123.67448014908,17.8473324529065,-1113.5,5.1,114.773036561338
1.68627413277962,1.0457229354279,124.960994977357,123.675461749882,17.8473324529065,-1113.5,5.1,114.773036561338
1.68621866414351,1.04569545916917,124.961668871195,123.676294047176,17.8473324529065,-1113.5,5.1,114.773036561338
1.68617164235478,1.04567213402202,124.962240010625,123.67699953538,17.8473324529065,-1113.5,5.1,114.773036561338
1.68613176881176,1.04565233989054,124.962724217333,123.677597721851,17.8473324529065,-1113.5,5.1,114.773036561338
1.6860979747485,1.04563554884789,124.963134531871,123.678104673353,17.8473324529065,-1113.5,5.1,114.773036561338
1.68606931656236,1.045621301928,124.963482482494,123.67853458193,17.8473324529065,-1113.5,5.1,114.773036561338
1.68604502529238,1.04560921878685,124.963777404114,123.67889897288,17.8473324529065,-1113.5,5.1,114.773036561338
1.68602442601143,1.04559896591394,124.964027520693,123.679207983485,17.8473324529065,-1113.5,5.1,114.773036561338
1.68600696444029,1.04559026902198,124.964239552255,123.679469937424,17.8473324529065,-1113.5,5.1,114.773036561338
1.68599216028533,1.04558289099443,124.964419321625,123.679692036678,17.8473324529065,-1113.5,5.1,114.773036561338
1.68597960999477,1.04557663376568,124.9645717165,123.679880326958,17.8473324529065,-1113.5,5.1,114.773036561338
1.68596897274939,1.04557132889638,124.964700868403,123.680039914987,17.8473324529065,-1113.5,5.1,114.773036561338
1.68595995380099,1.04556683143508,124.964810358469,123.680175214496,17.8473324529065,-1113.5,5.1,114.773036561338
1.68595231738368,1.0455630228878,124.964903050958,123.680289767983,17.8473324529065,-1113.5,5.1,114.773036561338
1.68594584195019,1.04555979249416,124.964981664226,123.680386903389,17.8473324529065,-1113.5,5.1,114.773036561338
1.68594035749855,1.04555705621172,124.965048250668,123.680469170319,17.8473324529065,-1113.5,5.1,114.773036561338
1.68593570885336,1.04555473668115,124.965104692212,123.680538902548,17.8473324529065,-1113.5,5.1,114.773036561338
1.6859317546908,1.04555276349602,124.965152703035,123.680598225025,17.8473324529065,-1113.5,5.1,114.773036561338
1.68592840107038,1.0455510904854,124.965193414879,123.680648533081,17.8473324529065,-1113.5,5.1,114.773036561338
1.62488049225114,1.06016108581612,125.134585485908,123.71784696131,14.19,-1113.5,5.1,114.773036561338
1.54895886263902,1.06332831818858,125.309492749097,123.858454344923,14.19,-1113.5,5.1,114.773036561338
1.50299294157725,1.05211733449689,125.389664925841,123.984816290768,14.19,-1113.5,5.1,114.773036561338
1.47575036863186,1.03672995467566,125.416053001558,124.065286063966,14.19,-1113.5,5.1,114.773036561338
1.4601237359598,1.02190691917454,125.40957170386,124.102774097183,14.19,-1113.5,5.1,114.773036561338
1.45169362055188,1.00947479811546,125.382805430884,124.107576798287,14.19,-1113.5,5.1,114.773036561338
1.4477141661092,0.999834796489733,125.344035726178,124.089781135788,14.19,-1113.5,5.1,114.773036561338
1.44646917345705,0.992764882334144,125.298883119935,124.057493563165,14.19,-1113.5,5.1,114.773036561338
1.44687745653303,0.987825073757863,125.251156027295,124.016748245556,14.19,-1113.5,5.1,114.773036561338
1.4482530676282,0.984547342995232,125.203384939851,123.971844921005,14.19,-1113.5,5.1,114.773036561338
1.45015895298547,0.982514479638279,125.157194849128,123.925742748573,14.19,-1113.5,5.1,114.773036561338
1.45231674689263,0.981384557813053,125.113573733829,123.880405701335,14.19,-1113.5,5.1,114.773036561338
1.45455053755862,0.980890722518343,125.07306714857,123.837077398881,14.19,-1113.5,5.1,114.773036561338
1.45675099100448,0.980831463122592,125.035919055941,123.796491415503,14.19,-1113.5,5.1,114.773036561338
1.45885248593514,0.98105820055677,125.00217198965,123.759026795268,14.19,-1113.5,5.1,114.773036561338
1.46081812713421,0.981463585131627,124.97173827896,123.724821361067,14.19,-1113.5,5.1,114.773036561338
1.46262978144591,0.981971503427555,124.944450157939,123.693853756154,14.19,-1113.5,5.1,114.773036561338
1.46428148142779,0.982529005179962,124.920094456773,123.666001527499,14.19,-1113.5,5.1,114.773036561338
1.46577504898059,0.983100118597161,124.898435958753,123.641081349953,14.19,-1113.5,5.1,114.773036561338
1.46711709529585,0.983661140097098,124.879233340025,123.618877061988,14.19,-1113.5,5.1,114.773036561338
1.46831699465138,0.984197105088728,124.862249528525,123.599158944714,14.19,-1113.5,5.1,114.773036561338
1.46938553016691,0.984699167514031,124.847258239328,123.581696483511,14.19,-1113.5,5.1,114.773036561338
1.47033402540335,0.985162750946304,124.834047584449,123.566266250514,14.19,-1113.5,5.1,114.773036561338
1.47117377293318,0.985586204213668,124.822421943495,123.552656738182,14.19,-1113.5,5.1,114.773036561338
1.47191564745935,0.985969783546311,124.812202796172,123.540671341375,14.19,-1113.5,5.1,114.773036561338
1.47256989814024,0.986314979200257,124.803228511545,123.530129543947,14.19,-1113.5,5.1,114.773036561338
1.47314602546919,0.986624016603094,124.79535372145,123.520867234618,14.19,-1113.5,5.1,114.773036561338
1.47365273394815,0.986899521097443,124.788448350024,123.512736297331,14.19,-1113.5,5.1,114.773036561338
1.47409793182887,0.987144299295074,124.782396449809,123.505603794575,14.19,-1113.5,5.1,114.773036561338
1.47448875211818,0.987361179935114,124.777095028556,123.499350970146,14.19,-1113.5,5.1,114.773036561338
1.47483158982389,0.987552906746214,124.772452871186,123.493872165834,14.19,-1113.5,5.1,114.773036561338
1.47513215714071,0.98772207428754,124.768389275722,123.489073578099,14.19,-1113.5,5.1,114.773036561338
1.47539553419063,0.987871104474443,124.764833089878,123.484872248047,14.19,-1113.5,5.1,114.773036561338
1.47562623003079,0.988002224771826,124.761721644866,123.481194893075,14.19,-1113.5,5.1,114.773036561338
1.47582821357845,0.9881174696227,124.7590001315,123.477977276887,14.19,-1113.5,5.1,114.773036561338
1.47600499583304,0.988218668003344,124.756620158631,123.475162648748,14.19,-1113.5,5.1,114.773036561338
1.4761596781634,0.988307460927112,124.754539113929,123.472700968715,14.19,-1113.5,5.1,114.773036561338
1.47629499563658,0.988385317580617,124.752719612597,123.470548253469,14.19,-1113.5,5.1,114.773036561338
1.47641335239926,0.988453547001384,124.751128922864,123.468665944425,14.19,-1113.5,5.1,114.773036561338
1.47651686677502,0.988513315433811,124.749738279001,123.467020127813,14.19,-1113.5,5.1,114.773036561338
1.4766073790997,0.988565650804241,124.748522746805,123.465581387819,14.19,-1113.5,5.1,114.773036561338
1.47668653707143,0.988611471490421,124.747460020013,123.464323385209,14.19,-1113.5,5.1,114.773036561338
1.47675571861471,0.988651561343431,124.746531530609,123.463224163339,14.19,-1113.5,5.1,114.773036561338
1.47681619953839,0.988686638298058,124.745720012395,123.462263339882,14.19,-1113.5,5.1,114.773036561338
1.47686905196893,0.988717314671339,124.745011012816,123.461423829411,14.19,-1113.5,5.1,114.773036561338
1.47691523746101,0.988744138145693,124.744391551503,123.460690299701,14.19,-1113.5,5.1,114.773036561338
1.47695560941331,0.988767596848862,124.743850137483,123.460049160972,14.19,-1113.5,5.1,114.773036561338
1.47699088176394,0.988788101580976,124.743377165515,123.45948905255,14.19,-1113.5,5.1,114.773036561338
1.47702171029249,0.988806029269652,124.742963822765,123.458999543324,14.19,-1113.5,5.1,114.773036561338
1.47704865723761,0.988821704245811,124.742602555276,123.458571693498,14.19,-1113.5,5.1,114.773036561338
1.47707220837409,0.988835407328886,124.74228684222,123.458197783036,14.19,-1113.5,5.1,114.773036561338
1.47709278703553,0.988847383764912,124.742011002048,123.457871085289,14.19,-1113.5,5.1,114.773036561338
1.47711077094139,0.988857852189089,124.741769958665,123.457585594205,14.19,-1113.5,5.1,114.773036561338
1.47712647558876,0.988866995932821,124.741559480204,123.45733629843,14.19,-1113.5,5.1,114.773036561338
1.47714019974927,0.988874987865365,124.741375551659,123.457118446684,14.19,-1113.5,5.1,114.773036561338
1.47715217220634,0.988881961567413,124.741215092367,123.456849916457,14.19,-1459.74926142542,5.1,114.773036561338
